SessionID,UserID,DeviceType,Country,ReferralSource,step1_home,step2_product,step3_cart,step4_checkout,step5_confirm,is_purchased
session_0,user_2223,Desktop,India,Social Media,1,0,0,0,0,0
session_1,user_2192,Tablet,Germany,Email,1,1,0,0,0,0
session_10,user_2357,Tablet,India,Direct,1,1,0,0,0,0
session_100,user_1233,Desktop,USA,Email,1,1,0,0,0,0
session_1000,user_1551,Mobile,France,Email,1,1,1,1,1,1
session_1001,user_2877,Desktop,Germany,Direct,1,1,1,0,0,0
session_1002,user_1834,Mobile,Canada,Direct,1,1,1,1,1,1
session_1003,user_1216,Mobile,India,Social Media,1,1,0,0,0,0
session_1004,user_1154,Mobile,Canada,Social Media,1,0,0,0,0,0
session_1005,user_1252,Tablet,Germany,Google,1,1,0,0,0,0
session_1006,user_1471,Mobile,USA,Email,1,0,0,0,0,0
session_1007,user_1010,Mobile,France,Social Media,1,1,1,1,1,1
session_1008,user_1722,Tablet,Canada,Social Media,1,1,0,0,0,0
session_1009,user_1796,Tablet,Australia,Social Media,1,1,1,0,0,0
session_101,user_1984,Mobile,France,Direct,1,1,1,1,1,1
session_1010,user_2634,Mobile,Canada,Social Media,1,1,1,0,0,0
session_1011,user_2682,Desktop,Germany,Direct,1,1,0,0,0,0
session_1012,user_2220,Desktop,USA,Social Media,1,1,0,0,0,0
session_1013,user_1989,Mobile,France,Google,1,1,0,0,0,0
session_1014,user_1188,Desktop,Germany,Social Media,1,1,0,0,0,0
session_1015,user_2597,Mobile,Australia,Google,1,1,1,1,1,1
session_1016,user_2752,Tablet,France,Direct,1,1,1,1,0,0
session_1017,user_2046,Tablet,Canada,Google,1,1,0,0,0,0
session_1018,user_2475,Tablet,France,Email,1,1,1,1,1,1
session_1019,user_2063,Mobile,India,Social Media,1,1,1,1,1,1
session_102,user_1480,Desktop,Australia,Direct,1,1,0,0,0,0
session_1020,user_1489,Mobile,Germany,Direct,1,1,0,0,0,0
session_1021,user_1740,Tablet,France,Direct,1,1,0,0,0,0
session_1022,user_1477,Tablet,USA,Social Media,1,1,1,1,1,1
session_1023,user_2410,Desktop,France,Social Media,1,1,1,0,0,0
session_1024,user_2179,Tablet,France,Google,1,1,0,0,0,0
session_1025,user_2874,Tablet,Australia,Direct,1,1,1,1,1,1
session_1026,user_2997,Mobile,USA,Social Media,1,1,0,0,0,0
session_1027,user_1571,Mobile,France,Google,1,1,1,1,1,1
session_1028,user_1178,Tablet,Australia,Google,1,1,1,1,1,1
session_1029,user_1181,Desktop,France,Google,1,1,0,0,0,0
session_103,user_2791,Desktop,France,Social Media,1,1,0,0,0,0
session_1030,user_2600,Desktop,UK,Direct,1,1,0,0,0,0
session_1031,user_2932,Mobile,USA,Direct,1,1,1,1,1,1
session_1032,user_1447,Mobile,India,Email,1,1,1,1,1,1
session_1033,user_2912,Desktop,India,Direct,1,1,1,1,1,1
session_1034,user_1258,Desktop,Canada,Email,1,1,0,0,0,0
session_1035,user_1548,Tablet,Australia,Google,1,1,0,0,0,0
session_1036,user_2985,Tablet,France,Social Media,1,1,0,0,0,0
session_1037,user_2861,Mobile,Germany,Email,1,1,0,0,0,0
session_1038,user_1806,Mobile,India,Social Media,1,1,1,1,1,1
session_1039,user_1161,Desktop,Germany,Social Media,1,1,1,0,0,0
session_104,user_2754,Tablet,UK,Social Media,1,1,0,0,0,0
session_1040,user_2629,Mobile,USA,Email,1,1,1,1,1,1
session_1041,user_1746,Mobile,USA,Email,1,1,1,0,0,0
session_1042,user_1867,Tablet,Australia,Social Media,1,0,0,0,0,0
session_1043,user_1466,Tablet,Canada,Email,1,0,0,0,0,0
session_1044,user_2118,Tablet,UK,Direct,1,1,0,0,0,0
session_1045,user_2691,Mobile,USA,Direct,1,1,1,1,1,1
session_1046,user_1525,Mobile,USA,Email,1,1,0,0,0,0
session_1047,user_1438,Mobile,France,Email,1,1,0,0,0,0
session_1048,user_1331,Desktop,Canada,Direct,1,1,0,0,0,0
session_1049,user_1240,Desktop,USA,Google,1,1,1,1,1,1
session_105,user_2525,Mobile,Canada,Social Media,1,1,0,0,0,0
session_1050,user_2475,Tablet,India,Direct,1,1,0,0,0,0
session_1051,user_1382,Mobile,UK,Direct,1,1,1,1,1,1
session_1052,user_1710,Mobile,Australia,Email,1,1,1,1,0,0
session_1053,user_1443,Desktop,France,Google,1,1,1,0,0,0
session_1054,user_2837,Desktop,Canada,Email,1,1,1,1,1,1
session_1055,user_1506,Tablet,USA,Google,1,1,0,0,0,0
session_1056,user_1488,Mobile,India,Direct,1,1,0,0,0,0
session_1057,user_2951,Mobile,UK,Direct,1,1,0,0,0,0
session_1058,user_1272,Tablet,UK,Social Media,1,1,0,0,0,0
session_1059,user_1381,Mobile,Canada,Google,1,1,0,0,0,0
session_106,user_1524,Desktop,UK,Google,1,1,0,0,0,0
session_1060,user_1617,Tablet,USA,Direct,1,1,0,0,0,0
session_1061,user_1328,Mobile,USA,Social Media,1,1,1,1,1,1
session_1062,user_2713,Mobile,France,Google,1,1,1,1,1,1
session_1063,user_1114,Mobile,Germany,Social Media,1,1,0,0,0,0
session_1064,user_2115,Desktop,USA,Email,1,1,0,0,0,0
session_1065,user_2718,Tablet,France,Google,1,0,0,0,0,0
session_1066,user_2347,Tablet,Australia,Google,1,1,0,0,0,0
session_1067,user_1459,Mobile,Australia,Google,1,0,0,0,0,0
session_1068,user_2032,Tablet,Germany,Direct,1,1,0,0,0,0
session_1069,user_2948,Tablet,Germany,Direct,1,1,0,0,0,0
session_107,user_2173,Mobile,UK,Email,1,1,0,0,0,0
session_1070,user_1569,Tablet,India,Social Media,1,1,1,0,0,0
session_1071,user_2602,Desktop,Germany,Social Media,1,1,0,0,0,0
session_1072,user_1364,Mobile,USA,Google,1,1,0,0,0,0
session_1073,user_2463,Mobile,UK,Google,1,1,1,1,1,1
session_1074,user_2249,Desktop,France,Direct,1,1,1,1,1,1
session_1075,user_1013,Desktop,Australia,Google,1,1,0,0,0,0
session_1076,user_2114,Desktop,UK,Google,1,1,0,0,0,0
session_1077,user_2086,Desktop,Australia,Google,1,0,0,0,0,0
session_1078,user_2831,Desktop,Germany,Email,1,0,0,0,0,0
session_1079,user_1802,Mobile,UK,Direct,1,1,0,0,0,0
session_108,user_2167,Mobile,Canada,Email,1,1,0,0,0,0
session_1080,user_2805,Tablet,Germany,Social Media,1,1,1,0,0,0
session_1081,user_2776,Tablet,UK,Google,1,0,0,0,0,0
session_1082,user_1058,Mobile,Germany,Google,1,0,0,0,0,0
session_1083,user_1410,Tablet,USA,Direct,1,1,0,0,0,0
session_1084,user_2396,Desktop,Australia,Email,1,0,0,0,0,0
session_1085,user_1894,Mobile,UK,Direct,1,1,1,0,0,0
session_1086,user_1227,Mobile,India,Social Media,1,0,0,0,0,0
session_1087,user_2824,Mobile,France,Email,1,1,0,0,0,0
session_1088,user_1902,Desktop,UK,Google,1,1,1,1,1,1
session_1089,user_1004,Tablet,Germany,Google,1,0,0,0,0,0
session_109,user_1774,Mobile,Canada,Google,1,1,1,1,1,1
session_1090,user_2322,Mobile,Australia,Google,1,1,0,0,0,0
session_1091,user_2296,Desktop,Canada,Email,1,1,0,0,0,0
session_1092,user_1786,Desktop,Germany,Email,1,1,0,0,0,0
session_1093,user_1006,Desktop,USA,Direct,1,1,0,0,0,0
session_1094,user_2289,Mobile,Germany,Google,1,0,0,0,0,0
session_1095,user_1541,Tablet,USA,Direct,1,1,0,0,0,0
session_1096,user_2861,Tablet,France,Email,1,1,0,0,0,0
session_1097,user_1261,Mobile,India,Direct,1,0,0,0,0,0
session_1098,user_1905,Tablet,USA,Google,1,1,0,0,0,0
session_1099,user_1113,Desktop,Australia,Direct,1,0,0,0,0,0
session_11,user_2760,Tablet,USA,Direct,1,1,1,0,0,0
session_110,user_2713,Tablet,Canada,Direct,1,1,1,1,1,1
session_1100,user_2939,Mobile,Germany,Social Media,1,1,1,1,1,1
session_1101,user_1514,Tablet,Canada,Google,1,0,0,0,0,0
session_1102,user_2941,Tablet,France,Email,1,0,0,0,0,0
session_1103,user_1864,Desktop,India,Social Media,1,0,0,0,0,0
session_1104,user_2189,Desktop,India,Google,1,1,0,0,0,0
session_1105,user_1594,Mobile,UK,Google,1,1,0,0,0,0
session_1106,user_2314,Desktop,India,Google,1,1,0,0,0,0
session_1107,user_1643,Desktop,France,Direct,1,1,0,0,0,0
session_1108,user_2048,Mobile,France,Direct,1,1,1,1,1,1
session_1109,user_1775,Tablet,India,Google,1,1,0,0,0,0
session_111,user_2430,Desktop,Germany,Email,1,1,0,0,0,0
session_1110,user_1534,Mobile,USA,Social Media,1,1,1,1,1,1
session_1111,user_2964,Desktop,Germany,Email,1,1,1,1,1,1
session_1112,user_1323,Desktop,France,Direct,1,1,1,1,1,1
session_1113,user_1495,Tablet,India,Google,1,0,0,0,0,0
session_1114,user_1515,Desktop,UK,Google,1,1,0,0,0,0
session_1115,user_1926,Tablet,Australia,Google,1,1,1,1,1,1
session_1116,user_2121,Desktop,Canada,Email,1,1,1,1,1,1
session_1117,user_1834,Tablet,USA,Google,1,1,1,1,1,1
session_1118,user_1295,Mobile,France,Direct,1,1,1,1,1,1
session_1119,user_2694,Desktop,USA,Email,1,1,1,1,0,0
session_112,user_2488,Tablet,Canada,Social Media,1,1,0,0,0,0
session_1120,user_2661,Mobile,UK,Email,1,1,0,0,0,0
session_1121,user_2862,Mobile,Germany,Social Media,1,1,1,0,0,0
session_1122,user_1188,Mobile,Germany,Direct,1,1,0,0,0,0
session_1123,user_2354,Mobile,France,Google,1,1,0,0,0,0
session_1124,user_2092,Desktop,USA,Social Media,1,1,0,0,0,0
session_1125,user_1200,Desktop,India,Direct,1,1,1,1,1,1
session_1126,user_1317,Mobile,Canada,Direct,1,0,0,0,0,0
session_1127,user_1734,Desktop,France,Google,1,0,0,0,0,0
session_1128,user_2038,Mobile,Canada,Direct,1,1,1,1,1,1
session_1129,user_1332,Mobile,France,Google,1,1,1,0,0,0
session_113,user_1030,Tablet,UK,Email,1,1,0,0,0,0
session_1130,user_1785,Mobile,India,Email,1,1,1,1,1,1
session_1131,user_2995,Mobile,Canada,Google,1,1,0,0,0,0
session_1132,user_1295,Desktop,India,Email,1,1,1,1,1,1
session_1133,user_1525,Desktop,Canada,Direct,1,1,0,0,0,0
session_1134,user_2880,Mobile,France,Google,1,1,1,1,1,1
session_1135,user_1764,Tablet,Canada,Social Media,1,1,0,0,0,0
session_1136,user_1701,Mobile,Australia,Direct,1,1,0,0,0,0
session_1137,user_2415,Mobile,France,Email,1,1,1,1,1,1
session_1138,user_1009,Tablet,Canada,Google,1,1,0,0,0,0
session_1139,user_2774,Mobile,Germany,Google,1,1,1,0,0,0
session_114,user_2803,Mobile,Germany,Email,1,1,0,0,0,0
session_1140,user_1657,Mobile,UK,Direct,1,0,0,0,0,0
session_1141,user_2636,Tablet,USA,Email,1,1,1,1,1,1
session_1142,user_1317,Tablet,Canada,Email,1,1,0,0,0,0
session_1143,user_2588,Desktop,Germany,Email,1,1,1,1,0,0
session_1144,user_2040,Desktop,Australia,Email,1,1,0,0,0,0
session_1145,user_1716,Desktop,France,Email,1,1,1,1,0,0
session_1146,user_1033,Mobile,USA,Social Media,1,1,1,1,1,1
session_1147,user_2850,Desktop,Australia,Social Media,1,1,1,1,1,1
session_1148,user_1098,Desktop,Australia,Email,1,1,0,0,0,0
session_1149,user_1423,Tablet,Germany,Social Media,1,1,1,0,0,0
session_115,user_2619,Tablet,UK,Direct,1,1,0,0,0,0
session_1150,user_1625,Tablet,India,Email,1,0,0,0,0,0
session_1151,user_1025,Mobile,France,Direct,1,1,1,1,1,1
session_1152,user_2800,Tablet,UK,Social Media,1,1,0,0,0,0
session_1153,user_1416,Mobile,UK,Social Media,1,1,0,0,0,0
session_1154,user_1131,Desktop,Germany,Email,1,1,0,0,0,0
session_1155,user_1102,Desktop,UK,Social Media,1,1,1,1,1,1
session_1156,user_1589,Mobile,France,Social Media,1,0,0,0,0,0
session_1157,user_2147,Mobile,France,Direct,1,1,0,0,0,0
session_1158,user_2251,Mobile,India,Google,1,1,0,0,0,0
session_1159,user_2007,Mobile,Canada,Email,1,1,0,0,0,0
session_116,user_1385,Tablet,Germany,Email,1,1,0,0,0,0
session_1160,user_2843,Desktop,India,Direct,1,1,0,0,0,0
session_1161,user_2917,Mobile,France,Google,1,1,1,1,1,1
session_1162,user_2698,Mobile,India,Social Media,1,1,0,0,0,0
session_1163,user_2427,Tablet,Germany,Email,1,0,0,0,0,0
session_1164,user_1863,Mobile,India,Direct,1,1,1,0,0,0
session_1165,user_1342,Desktop,USA,Direct,1,1,0,0,0,0
session_1166,user_1607,Tablet,India,Google,1,1,1,0,0,0
session_1167,user_1671,Desktop,UK,Direct,1,1,0,0,0,0
session_1168,user_1606,Tablet,UK,Direct,1,1,1,1,0,0
session_1169,user_1203,Tablet,France,Email,1,1,1,1,1,1
session_117,user_1679,Tablet,UK,Social Media,1,1,0,0,0,0
session_1170,user_2340,Tablet,Germany,Social Media,1,0,0,0,0,0
session_1171,user_2899,Tablet,Australia,Direct,1,1,0,0,0,0
session_1172,user_2887,Desktop,Australia,Email,1,1,1,1,1,1
session_1173,user_2145,Desktop,UK,Social Media,1,1,0,0,0,0
session_1174,user_2623,Mobile,India,Social Media,1,1,0,0,0,0
session_1175,user_2022,Tablet,India,Google,1,1,1,1,1,1
session_1176,user_2059,Desktop,UK,Social Media,1,1,0,0,0,0
session_1177,user_1680,Desktop,Canada,Google,1,1,0,0,0,0
session_1178,user_1015,Desktop,Canada,Google,1,1,1,1,1,1
session_1179,user_1090,Mobile,UK,Google,1,0,0,0,0,0
session_118,user_2114,Mobile,USA,Direct,1,1,0,0,0,0
session_1180,user_1678,Mobile,Australia,Google,1,1,0,0,0,0
session_1181,user_1622,Tablet,Canada,Email,1,1,1,1,1,1
session_1182,user_2891,Desktop,India,Social Media,1,1,0,0,0,0
session_1183,user_1977,Mobile,UK,Social Media,1,1,0,0,0,0
session_1184,user_1977,Desktop,Canada,Social Media,1,1,0,0,0,0
session_1185,user_2265,Mobile,Germany,Social Media,1,1,1,1,0,0
session_1186,user_2708,Mobile,Australia,Direct,1,1,0,0,0,0
session_1187,user_2851,Desktop,Germany,Email,1,1,1,1,1,1
session_1188,user_1202,Desktop,Germany,Direct,1,1,0,0,0,0
session_1189,user_2442,Mobile,Canada,Google,1,1,0,0,0,0
session_119,user_2996,Tablet,UK,Social Media,1,1,1,1,1,1
session_1190,user_1650,Mobile,Germany,Direct,1,1,0,0,0,0
session_1191,user_1740,Tablet,Australia,Email,1,1,0,0,0,0
session_1192,user_1538,Desktop,India,Google,1,1,1,0,0,0
session_1193,user_1199,Desktop,India,Direct,1,1,0,0,0,0
session_1194,user_1978,Tablet,Germany,Direct,1,0,0,0,0,0
session_1195,user_2009,Desktop,USA,Google,1,1,0,0,0,0
session_1196,user_1008,Tablet,USA,Google,1,1,1,1,1,1
session_1197,user_1194,Tablet,Australia,Google,1,1,1,1,1,1
session_1198,user_2481,Tablet,India,Google,1,0,0,0,0,0
session_1199,user_2843,Mobile,UK,Direct,1,1,0,0,0,0
session_12,user_2907,Mobile,France,Email,1,1,1,0,0,0
session_120,user_1976,Mobile,Germany,Social Media,1,1,1,1,1,1
session_1200,user_2364,Tablet,USA,Google,1,1,1,0,0,0
session_1201,user_2032,Desktop,UK,Google,1,1,1,1,0,0
session_1202,user_2792,Desktop,UK,Email,1,1,0,0,0,0
session_1203,user_1783,Desktop,Germany,Direct,1,1,0,0,0,0
session_1204,user_1846,Tablet,France,Email,1,1,0,0,0,0
session_1205,user_2045,Tablet,Australia,Direct,1,1,0,0,0,0
session_1206,user_1041,Desktop,France,Social Media,1,1,1,1,1,1
session_1207,user_1689,Mobile,UK,Direct,1,0,0,0,0,0
session_1208,user_2160,Tablet,India,Email,1,1,0,0,0,0
session_1209,user_2004,Tablet,India,Direct,1,1,0,0,0,0
session_121,user_2762,Tablet,Germany,Email,1,1,1,0,0,0
session_1210,user_2416,Desktop,UK,Google,1,1,0,0,0,0
session_1211,user_2496,Mobile,UK,Google,1,1,1,1,1,1
session_1212,user_2204,Mobile,Canada,Social Media,1,1,0,0,0,0
session_1213,user_1641,Tablet,USA,Email,1,1,1,1,1,1
session_1214,user_2091,Desktop,USA,Email,1,1,1,1,1,1
session_1215,user_2141,Desktop,UK,Direct,1,0,0,0,0,0
session_1216,user_2068,Mobile,USA,Direct,1,0,0,0,0,0
session_1217,user_1257,Tablet,USA,Google,1,1,0,0,0,0
session_1218,user_3001,Mobile,Australia,Google,1,1,0,0,0,0
session_1219,user_2885,Mobile,Germany,Google,1,1,0,0,0,0
session_122,user_2875,Desktop,UK,Google,1,1,0,0,0,0
session_1220,user_1041,Tablet,Canada,Email,1,1,1,0,0,0
session_1221,user_1808,Mobile,France,Google,1,0,0,0,0,0
session_1222,user_2588,Desktop,Germany,Direct,1,0,0,0,0,0
session_1223,user_1858,Tablet,Canada,Email,1,1,0,0,0,0
session_1224,user_1732,Tablet,Canada,Email,1,1,0,0,0,0
session_1225,user_1083,Tablet,UK,Direct,1,1,0,0,0,0
session_1226,user_1196,Desktop,India,Google,1,1,1,1,1,1
session_1227,user_1066,Mobile,USA,Google,1,1,1,0,0,0
session_1228,user_1118,Tablet,Australia,Google,1,0,0,0,0,0
session_1229,user_1954,Mobile,UK,Email,1,1,1,1,1,1
session_123,user_2142,Mobile,Canada,Social Media,1,1,0,0,0,0
session_1230,user_1485,Mobile,UK,Direct,1,0,0,0,0,0
session_1231,user_2987,Tablet,France,Google,1,1,1,1,1,1
session_1232,user_1237,Desktop,India,Email,1,0,0,0,0,0
session_1233,user_1378,Tablet,UK,Direct,1,1,1,1,1,1
session_1234,user_1215,Tablet,USA,Direct,1,0,0,0,0,0
session_1235,user_2357,Mobile,Canada,Google,1,0,0,0,0,0
session_1236,user_2250,Mobile,Germany,Social Media,1,1,0,0,0,0
session_1237,user_1890,Mobile,Germany,Email,1,1,0,0,0,0
session_1238,user_2345,Mobile,USA,Google,1,1,0,0,0,0
session_1239,user_1080,Desktop,Germany,Email,1,1,0,0,0,0
session_124,user_1156,Desktop,Germany,Social Media,1,1,1,1,1,1
session_1240,user_1858,Tablet,Australia,Google,1,0,0,0,0,0
session_1241,user_1616,Tablet,Germany,Social Media,1,1,1,1,0,0
session_1242,user_1771,Tablet,Australia,Email,1,1,0,0,0,0
session_1243,user_2159,Mobile,UK,Social Media,1,1,1,1,1,1
session_1244,user_2635,Desktop,Australia,Direct,1,0,0,0,0,0
session_1245,user_1243,Mobile,Canada,Email,1,0,0,0,0,0
session_1246,user_2305,Desktop,India,Direct,1,0,0,0,0,0
session_1247,user_1474,Tablet,France,Google,1,1,1,1,1,1
session_1248,user_1949,Tablet,France,Google,1,1,0,0,0,0
session_1249,user_2949,Desktop,UK,Google,1,1,0,0,0,0
session_125,user_1471,Tablet,India,Email,1,1,0,0,0,0
session_1250,user_1616,Tablet,UK,Email,1,1,0,0,0,0
session_1251,user_1840,Tablet,Germany,Email,1,1,0,0,0,0
session_1252,user_1923,Tablet,Germany,Direct,1,0,0,0,0,0
session_1253,user_1598,Mobile,USA,Direct,1,1,1,1,1,1
session_1254,user_2451,Mobile,Germany,Email,1,1,1,1,0,0
session_1255,user_2471,Tablet,Canada,Direct,1,1,1,0,0,0
session_1256,user_1583,Mobile,UK,Google,1,1,0,0,0,0
session_1257,user_1138,Desktop,Australia,Email,1,1,1,1,1,1
session_1258,user_1763,Mobile,USA,Social Media,1,1,0,0,0,0
session_1259,user_1038,Tablet,France,Social Media,1,1,1,1,0,0
session_126,user_2713,Mobile,USA,Direct,1,0,0,0,0,0
session_1260,user_1036,Mobile,Australia,Google,1,1,1,1,0,0
session_1261,user_2051,Mobile,France,Social Media,1,1,0,0,0,0
session_1262,user_2839,Desktop,India,Google,1,1,1,1,1,1
session_1263,user_2498,Mobile,UK,Direct,1,1,0,0,0,0
session_1264,user_1524,Tablet,Australia,Email,1,1,0,0,0,0
session_1265,user_2917,Mobile,Australia,Email,1,1,1,1,1,1
session_1266,user_1161,Mobile,USA,Social Media,1,1,1,1,1,1
session_1267,user_2189,Mobile,Australia,Google,1,1,0,0,0,0
session_1268,user_1183,Desktop,UK,Social Media,1,1,0,0,0,0
session_1269,user_1676,Mobile,France,Email,1,0,0,0,0,0
session_127,user_2168,Tablet,India,Email,1,1,1,0,0,0
session_1270,user_1479,Tablet,India,Direct,1,1,0,0,0,0
session_1271,user_1052,Tablet,Canada,Direct,1,1,0,0,0,0
session_1272,user_1324,Mobile,France,Email,1,1,1,1,1,1
session_1273,user_1709,Tablet,UK,Direct,1,1,1,1,1,1
session_1274,user_2361,Tablet,India,Email,1,0,0,0,0,0
session_1275,user_1174,Tablet,Canada,Google,1,0,0,0,0,0
session_1276,user_1650,Mobile,Canada,Google,1,1,1,0,0,0
session_1277,user_1347,Tablet,Canada,Google,1,1,0,0,0,0
session_1278,user_1422,Mobile,Australia,Email,1,1,0,0,0,0
session_1279,user_2165,Mobile,Australia,Social Media,1,1,1,1,1,1
session_128,user_2126,Desktop,UK,Direct,1,1,1,1,1,1
session_1280,user_1998,Tablet,Australia,Direct,1,1,1,0,0,0
session_1281,user_1950,Desktop,Canada,Social Media,1,0,0,0,0,0
session_1282,user_2231,Tablet,Canada,Direct,1,1,1,0,0,0
session_1283,user_2746,Tablet,Germany,Email,1,0,0,0,0,0
session_1284,user_2656,Desktop,Germany,Google,1,1,1,1,1,1
session_1285,user_2395,Mobile,Germany,Direct,1,1,1,1,1,1
session_1286,user_1394,Desktop,India,Direct,1,1,0,0,0,0
session_1287,user_2912,Desktop,Germany,Social Media,1,1,0,0,0,0
session_1288,user_1746,Desktop,India,Direct,1,1,0,0,0,0
session_1289,user_2544,Mobile,USA,Direct,1,1,0,0,0,0
session_129,user_2755,Desktop,UK,Direct,1,1,0,0,0,0
session_1290,user_2557,Mobile,Australia,Google,1,1,1,0,0,0
session_1291,user_1406,Tablet,France,Google,1,1,1,1,1,1
session_1292,user_1180,Tablet,France,Google,1,1,1,1,1,1
session_1293,user_1281,Tablet,India,Email,1,1,1,1,1,1
session_1294,user_2941,Mobile,Canada,Social Media,1,1,0,0,0,0
session_1295,user_1642,Tablet,UK,Email,1,1,0,0,0,0
session_1296,user_2158,Mobile,Germany,Email,1,0,0,0,0,0
session_1297,user_1615,Desktop,France,Email,1,1,0,0,0,0
session_1298,user_1567,Mobile,Germany,Google,1,1,1,1,1,1
session_1299,user_1729,Tablet,India,Social Media,1,1,0,0,0,0
session_13,user_1058,Tablet,USA,Direct,1,1,1,0,0,0
session_130,user_1595,Desktop,Germany,Social Media,1,1,1,1,1,1
session_1300,user_1202,Tablet,India,Email,1,0,0,0,0,0
session_1301,user_1204,Mobile,Canada,Google,1,1,1,1,0,0
session_1302,user_1512,Tablet,Germany,Google,1,0,0,0,0,0
session_1303,user_2564,Desktop,USA,Direct,1,1,0,0,0,0
session_1304,user_1804,Desktop,USA,Direct,1,1,0,0,0,0
session_1305,user_1526,Mobile,Canada,Email,1,1,0,0,0,0
session_1306,user_2641,Mobile,UK,Direct,1,1,0,0,0,0
session_1307,user_1283,Tablet,Germany,Social Media,1,1,0,0,0,0
session_1308,user_1744,Tablet,Canada,Email,1,1,0,0,0,0
session_1309,user_2214,Tablet,Canada,Google,1,1,0,0,0,0
session_131,user_2498,Tablet,France,Social Media,1,1,0,0,0,0
session_1310,user_2683,Tablet,USA,Google,1,1,1,0,0,0
session_1311,user_2426,Tablet,France,Direct,1,1,1,1,1,1
session_1312,user_1570,Mobile,UK,Social Media,1,1,1,1,1,1
session_1313,user_2370,Tablet,Canada,Direct,1,0,0,0,0,0
session_1314,user_2893,Desktop,India,Direct,1,1,0,0,0,0
session_1315,user_1592,Tablet,Germany,Direct,1,0,0,0,0,0
session_1316,user_1299,Mobile,Germany,Email,1,1,0,0,0,0
session_1317,user_2292,Tablet,UK,Direct,1,1,0,0,0,0
session_1318,user_2785,Desktop,UK,Social Media,1,1,0,0,0,0
session_1319,user_2790,Desktop,Canada,Direct,1,1,1,1,1,1
session_132,user_1515,Mobile,Canada,Direct,1,0,0,0,0,0
session_1320,user_2398,Tablet,France,Social Media,1,1,0,0,0,0
session_1321,user_1106,Mobile,Australia,Social Media,1,1,1,1,1,1
session_1322,user_2560,Mobile,UK,Social Media,1,1,1,1,1,1
session_1323,user_1073,Mobile,USA,Direct,1,0,0,0,0,0
session_1324,user_2855,Desktop,Germany,Email,1,1,0,0,0,0
session_1325,user_2470,Tablet,USA,Email,1,1,0,0,0,0
session_1326,user_2922,Mobile,Germany,Email,1,0,0,0,0,0
session_1327,user_2925,Tablet,India,Social Media,1,0,0,0,0,0
session_1328,user_1348,Tablet,UK,Google,1,0,0,0,0,0
session_1329,user_2869,Desktop,India,Direct,1,0,0,0,0,0
session_133,user_2286,Tablet,UK,Email,1,1,0,0,0,0
session_1330,user_2985,Mobile,Canada,Social Media,1,0,0,0,0,0
session_1331,user_1576,Tablet,France,Social Media,1,1,1,1,1,1
session_1332,user_2502,Desktop,Germany,Email,1,1,0,0,0,0
session_1333,user_1276,Desktop,USA,Email,1,1,1,1,1,1
session_1334,user_2956,Mobile,Australia,Social Media,1,1,1,1,1,1
session_1335,user_2770,Desktop,USA,Email,1,1,1,1,1,1
session_1336,user_1807,Desktop,India,Email,1,1,0,0,0,0
session_1337,user_2843,Mobile,Canada,Google,1,0,0,0,0,0
session_1338,user_1967,Desktop,UK,Social Media,1,1,1,1,0,0
session_1339,user_2985,Mobile,France,Google,1,1,1,0,0,0
session_134,user_1372,Tablet,France,Email,1,1,0,0,0,0
session_1340,user_2948,Tablet,USA,Social Media,1,1,1,1,1,1
session_1341,user_2903,Mobile,USA,Google,1,1,1,0,0,0
session_1342,user_1512,Desktop,Australia,Direct,1,1,1,1,1,1
session_1343,user_1213,Mobile,France,Direct,1,1,0,0,0,0
session_1344,user_2045,Tablet,Australia,Email,1,1,1,1,1,1
session_1345,user_1620,Tablet,France,Social Media,1,1,0,0,0,0
session_1346,user_2029,Tablet,Canada,Social Media,1,1,0,0,0,0
session_1347,user_2203,Mobile,USA,Direct,1,1,0,0,0,0
session_1348,user_1971,Tablet,India,Direct,1,0,0,0,0,0
session_1349,user_1957,Tablet,USA,Google,1,1,0,0,0,0
session_135,user_1510,Mobile,India,Google,1,1,1,1,0,0
session_1350,user_2826,Tablet,USA,Social Media,1,1,1,1,1,1
session_1351,user_1774,Mobile,Canada,Email,1,1,0,0,0,0
session_1352,user_1381,Tablet,Canada,Google,1,1,0,0,0,0
session_1353,user_1961,Desktop,UK,Email,1,1,0,0,0,0
session_1354,user_2182,Desktop,India,Google,1,1,0,0,0,0
session_1355,user_2373,Mobile,Canada,Social Media,1,0,0,0,0,0
session_1356,user_1161,Desktop,France,Email,1,0,0,0,0,0
session_1357,user_1634,Tablet,Canada,Google,1,1,0,0,0,0
session_1358,user_1155,Mobile,France,Direct,1,1,0,0,0,0
session_1359,user_1384,Tablet,India,Direct,1,1,0,0,0,0
session_136,user_1390,Mobile,Canada,Social Media,1,1,0,0,0,0
session_1360,user_2122,Mobile,India,Email,1,1,0,0,0,0
session_1361,user_2545,Desktop,India,Email,1,0,0,0,0,0
session_1362,user_1878,Tablet,USA,Direct,1,1,0,0,0,0
session_1363,user_1198,Mobile,UK,Direct,1,1,0,0,0,0
session_1364,user_1602,Mobile,UK,Email,1,1,0,0,0,0
session_1365,user_1873,Desktop,Canada,Social Media,1,1,0,0,0,0
session_1366,user_1493,Tablet,France,Direct,1,1,0,0,0,0
session_1367,user_1683,Mobile,USA,Direct,1,1,0,0,0,0
session_1368,user_2613,Tablet,USA,Email,1,0,0,0,0,0
session_1369,user_1397,Tablet,Australia,Email,1,1,1,1,1,1
session_137,user_1263,Tablet,India,Social Media,1,1,0,0,0,0
session_1370,user_1095,Tablet,UK,Direct,1,1,0,0,0,0
session_1371,user_2297,Tablet,USA,Email,1,1,0,0,0,0
session_1372,user_2643,Mobile,Canada,Social Media,1,0,0,0,0,0
session_1373,user_2250,Tablet,Germany,Social Media,1,1,0,0,0,0
session_1374,user_2106,Mobile,Australia,Google,1,0,0,0,0,0
session_1375,user_2732,Desktop,Canada,Social Media,1,1,1,1,1,1
session_1376,user_2969,Tablet,UK,Social Media,1,0,0,0,0,0
session_1377,user_1779,Tablet,USA,Social Media,1,1,0,0,0,0
session_1378,user_1638,Desktop,Australia,Google,1,1,0,0,0,0
session_1379,user_2698,Mobile,Australia,Email,1,1,1,0,0,0
session_138,user_2168,Tablet,USA,Google,1,1,1,1,1,1
session_1380,user_1964,Tablet,Germany,Google,1,1,0,0,0,0
session_1381,user_1043,Desktop,Canada,Social Media,1,1,0,0,0,0
session_1382,user_2103,Tablet,India,Google,1,1,0,0,0,0
session_1383,user_2882,Desktop,UK,Google,1,1,0,0,0,0
session_1384,user_2989,Desktop,USA,Social Media,1,1,0,0,0,0
session_1385,user_1111,Tablet,UK,Google,1,0,0,0,0,0
session_1386,user_1767,Mobile,Canada,Social Media,1,1,1,0,0,0
session_1387,user_1067,Desktop,Canada,Google,1,1,0,0,0,0
session_1388,user_2574,Mobile,India,Direct,1,1,0,0,0,0
session_1389,user_1236,Tablet,India,Social Media,1,1,1,1,1,1
session_139,user_2866,Mobile,Canada,Email,1,1,0,0,0,0
session_1390,user_1108,Desktop,USA,Social Media,1,0,0,0,0,0
session_1391,user_1297,Mobile,India,Direct,1,1,0,0,0,0
session_1392,user_2786,Desktop,India,Direct,1,1,0,0,0,0
session_1393,user_2963,Desktop,UK,Google,1,1,1,1,1,1
session_1394,user_2866,Desktop,USA,Social Media,1,1,0,0,0,0
session_1395,user_2413,Mobile,UK,Google,1,1,0,0,0,0
session_1396,user_1178,Desktop,UK,Social Media,1,1,0,0,0,0
session_1397,user_1352,Mobile,Germany,Social Media,1,1,0,0,0,0
session_1398,user_1235,Mobile,India,Google,1,1,1,0,0,0
session_1399,user_1381,Desktop,France,Google,1,1,0,0,0,0
session_14,user_1884,Mobile,Australia,Email,1,1,0,0,0,0
session_140,user_2010,Desktop,Canada,Google,1,1,1,0,0,0
session_1400,user_1801,Mobile,Germany,Google,1,1,0,0,0,0
session_1401,user_2946,Desktop,Germany,Direct,1,0,0,0,0,0
session_1402,user_1318,Tablet,Australia,Email,1,1,0,0,0,0
session_1403,user_2039,Mobile,Canada,Google,1,1,0,0,0,0
session_1404,user_1656,Tablet,France,Social Media,1,1,0,0,0,0
session_1405,user_2225,Desktop,France,Direct,1,1,1,0,0,0
session_1406,user_2272,Tablet,Canada,Social Media,1,1,1,1,1,1
session_1407,user_1686,Tablet,France,Email,1,1,0,0,0,0
session_1408,user_2409,Tablet,Germany,Social Media,1,1,0,0,0,0
session_1409,user_2900,Desktop,UK,Email,1,1,0,0,0,0
session_141,user_1643,Mobile,Australia,Email,1,1,0,0,0,0
session_1410,user_1358,Tablet,Canada,Social Media,1,0,0,0,0,0
session_1411,user_2149,Mobile,USA,Google,1,0,0,0,0,0
session_1412,user_2254,Desktop,Germany,Google,1,1,0,0,0,0
session_1413,user_1354,Mobile,Canada,Email,1,1,0,0,0,0
session_1414,user_2957,Tablet,Canada,Google,1,1,0,0,0,0
session_1415,user_1544,Tablet,USA,Email,1,1,1,1,1,1
session_1416,user_1894,Desktop,France,Email,1,1,0,0,0,0
session_1417,user_1881,Mobile,India,Direct,1,1,1,1,0,0
session_1418,user_2423,Desktop,USA,Direct,1,1,0,0,0,0
session_1419,user_1129,Tablet,Germany,Email,1,1,0,0,0,0
session_142,user_1473,Desktop,UK,Google,1,1,0,0,0,0
session_1420,user_2841,Desktop,UK,Google,1,1,0,0,0,0
session_1421,user_2609,Mobile,India,Direct,1,1,1,0,0,0
session_1422,user_2204,Tablet,Australia,Direct,1,1,0,0,0,0
session_1423,user_1905,Mobile,France,Google,1,1,0,0,0,0
session_1424,user_2631,Desktop,USA,Google,1,1,1,1,1,1
session_1425,user_1569,Desktop,USA,Google,1,0,0,0,0,0
session_1426,user_1207,Desktop,UK,Email,1,1,0,0,0,0
session_1427,user_1849,Tablet,France,Social Media,1,0,0,0,0,0
session_1428,user_2867,Desktop,UK,Social Media,1,1,1,0,0,0
session_1429,user_1255,Desktop,India,Direct,1,0,0,0,0,0
session_143,user_1073,Mobile,France,Direct,1,1,0,0,0,0
session_1430,user_2057,Desktop,India,Social Media,1,1,1,1,0,0
session_1431,user_1200,Tablet,Germany,Direct,1,1,0,0,0,0
session_1432,user_1570,Desktop,USA,Direct,1,1,0,0,0,0
session_1433,user_2187,Tablet,UK,Direct,1,1,1,1,1,1
session_1434,user_2757,Mobile,UK,Email,1,1,1,0,0,0
session_1435,user_1767,Tablet,France,Direct,1,1,0,0,0,0
session_1436,user_2255,Tablet,India,Google,1,1,0,0,0,0
session_1437,user_2683,Desktop,USA,Direct,1,1,1,1,0,0
session_1438,user_1867,Desktop,USA,Google,1,1,0,0,0,0
session_1439,user_2647,Mobile,USA,Email,1,0,0,0,0,0
session_144,user_1460,Tablet,USA,Direct,1,1,0,0,0,0
session_1440,user_2626,Mobile,Canada,Direct,1,0,0,0,0,0
session_1441,user_1057,Desktop,USA,Google,1,0,0,0,0,0
session_1442,user_1224,Tablet,USA,Direct,1,1,1,1,1,1
session_1443,user_1839,Desktop,Germany,Google,1,1,0,0,0,0
session_1444,user_1951,Tablet,UK,Social Media,1,0,0,0,0,0
session_1445,user_1012,Desktop,UK,Social Media,1,1,0,0,0,0
session_1446,user_1267,Mobile,Germany,Email,1,1,0,0,0,0
session_1447,user_2582,Mobile,Germany,Direct,1,1,1,0,0,0
session_1448,user_2437,Desktop,UK,Social Media,1,1,0,0,0,0
session_1449,user_1139,Tablet,India,Direct,1,1,1,1,0,0
session_145,user_2149,Desktop,USA,Direct,1,1,1,1,1,1
session_1450,user_2404,Tablet,Canada,Google,1,1,1,1,1,1
session_1451,user_2175,Mobile,UK,Email,1,1,1,0,0,0
session_1452,user_2393,Tablet,France,Email,1,1,0,0,0,0
session_1453,user_2996,Mobile,France,Email,1,1,0,0,0,0
session_1454,user_1191,Mobile,Canada,Google,1,1,0,0,0,0
session_1455,user_2250,Desktop,France,Email,1,1,1,0,0,0
session_1456,user_1696,Tablet,UK,Google,1,1,0,0,0,0
session_1457,user_1351,Tablet,Australia,Email,1,1,1,1,1,1
session_1458,user_2820,Desktop,France,Email,1,1,0,0,0,0
session_1459,user_1826,Tablet,Germany,Google,1,1,1,1,1,1
session_146,user_2698,Tablet,USA,Google,1,1,0,0,0,0
session_1460,user_2312,Mobile,India,Social Media,1,1,0,0,0,0
session_1461,user_2924,Tablet,Canada,Email,1,0,0,0,0,0
session_1462,user_2992,Tablet,USA,Email,1,1,0,0,0,0
session_1463,user_2281,Desktop,USA,Google,1,1,1,1,1,1
session_1464,user_2663,Mobile,France,Social Media,1,0,0,0,0,0
session_1465,user_2036,Desktop,UK,Google,1,1,0,0,0,0
session_1466,user_2210,Tablet,Germany,Email,1,1,1,0,0,0
session_1467,user_1838,Tablet,UK,Google,1,1,0,0,0,0
session_1468,user_1657,Tablet,Germany,Email,1,1,1,0,0,0
session_1469,user_1038,Desktop,India,Email,1,1,0,0,0,0
session_147,user_1546,Mobile,Australia,Google,1,1,1,1,1,1
session_1470,user_1334,Mobile,USA,Direct,1,0,0,0,0,0
session_1471,user_1074,Tablet,India,Social Media,1,1,1,1,1,1
session_1472,user_2765,Mobile,USA,Social Media,1,0,0,0,0,0
session_1473,user_2705,Tablet,UK,Google,1,1,1,1,1,1
session_1474,user_1271,Mobile,UK,Direct,1,0,0,0,0,0
session_1475,user_2675,Tablet,Germany,Google,1,0,0,0,0,0
session_1476,user_1685,Tablet,UK,Direct,1,1,1,1,1,1
session_1477,user_1012,Desktop,UK,Email,1,0,0,0,0,0
session_1478,user_1919,Tablet,USA,Direct,1,1,1,0,0,0
session_1479,user_1406,Tablet,Canada,Direct,1,1,0,0,0,0
session_148,user_1093,Tablet,France,Email,1,1,1,1,1,1
session_1480,user_2756,Desktop,Germany,Google,1,0,0,0,0,0
session_1481,user_1790,Desktop,India,Email,1,1,0,0,0,0
session_1482,user_1273,Mobile,Germany,Email,1,1,1,1,1,1
session_1483,user_1611,Tablet,France,Social Media,1,1,0,0,0,0
session_1484,user_2590,Mobile,Germany,Social Media,1,1,0,0,0,0
session_1485,user_1041,Tablet,Canada,Google,1,1,0,0,0,0
session_1486,user_1601,Desktop,Germany,Direct,1,1,1,1,1,1
session_1487,user_2309,Desktop,Australia,Direct,1,1,1,1,1,1
session_1488,user_2726,Mobile,Canada,Social Media,1,1,1,0,0,0
session_1489,user_2634,Desktop,USA,Direct,1,1,0,0,0,0
session_149,user_1181,Mobile,Germany,Direct,1,0,0,0,0,0
session_1490,user_2129,Tablet,Australia,Google,1,0,0,0,0,0
session_1491,user_2619,Desktop,France,Social Media,1,1,1,1,1,1
session_1492,user_2230,Tablet,USA,Direct,1,1,0,0,0,0
session_1493,user_1736,Mobile,USA,Email,1,0,0,0,0,0
session_1494,user_1678,Mobile,France,Google,1,1,1,0,0,0
session_1495,user_2275,Desktop,Germany,Social Media,1,1,0,0,0,0
session_1496,user_1107,Tablet,Australia,Social Media,1,1,0,0,0,0
session_1497,user_2784,Mobile,UK,Direct,1,0,0,0,0,0
session_1498,user_2473,Mobile,Canada,Direct,1,1,1,0,0,0
session_1499,user_2221,Mobile,Canada,Social Media,1,1,1,0,0,0
session_15,user_2270,Mobile,Australia,Email,1,1,1,0,0,0
session_150,user_1873,Tablet,India,Email,1,0,0,0,0,0
session_1500,user_2784,Tablet,Australia,Direct,1,1,0,0,0,0
session_1501,user_1744,Tablet,Canada,Google,1,1,0,0,0,0
session_1502,user_1491,Mobile,India,Google,1,1,0,0,0,0
session_1503,user_2142,Desktop,UK,Direct,1,0,0,0,0,0
session_1504,user_1158,Tablet,USA,Social Media,1,1,0,0,0,0
session_1505,user_1844,Desktop,Germany,Google,1,0,0,0,0,0
session_1506,user_1721,Mobile,UK,Email,1,0,0,0,0,0
session_1507,user_2232,Mobile,India,Email,1,1,0,0,0,0
session_1508,user_2233,Desktop,Australia,Email,1,1,1,1,1,1
session_1509,user_2554,Tablet,UK,Direct,1,1,0,0,0,0
session_151,user_1511,Mobile,India,Email,1,1,1,1,0,0
session_1510,user_1458,Desktop,USA,Direct,1,1,1,1,1,1
session_1511,user_1237,Mobile,Germany,Google,1,1,0,0,0,0
session_1512,user_1810,Tablet,India,Google,1,1,0,0,0,0
session_1513,user_2850,Mobile,France,Social Media,1,1,0,0,0,0
session_1514,user_2130,Tablet,Germany,Email,1,1,0,0,0,0
session_1515,user_1110,Mobile,India,Social Media,1,1,1,1,1,1
session_1516,user_2767,Tablet,Australia,Google,1,1,1,1,1,1
session_1517,user_1393,Mobile,Canada,Email,1,1,1,0,0,0
session_1518,user_2000,Mobile,India,Direct,1,1,1,0,0,0
session_1519,user_1246,Mobile,France,Social Media,1,1,0,0,0,0
session_152,user_2321,Tablet,Germany,Email,1,1,0,0,0,0
session_1520,user_1235,Mobile,Germany,Direct,1,1,1,0,0,0
session_1521,user_1330,Mobile,Canada,Direct,1,1,0,0,0,0
session_1522,user_2787,Mobile,USA,Google,1,1,0,0,0,0
session_1523,user_2429,Tablet,USA,Social Media,1,1,0,0,0,0
session_1524,user_1991,Mobile,Canada,Google,1,1,1,1,1,1
session_1525,user_1473,Mobile,Canada,Google,1,1,0,0,0,0
session_1526,user_1452,Desktop,India,Google,1,1,0,0,0,0
session_1527,user_2471,Desktop,Canada,Email,1,1,0,0,0,0
session_1528,user_1663,Mobile,USA,Social Media,1,1,0,0,0,0
session_1529,user_2549,Tablet,Australia,Google,1,0,0,0,0,0
session_153,user_1412,Desktop,France,Google,1,1,0,0,0,0
session_1530,user_2139,Tablet,UK,Direct,1,1,0,0,0,0
session_1531,user_2222,Mobile,France,Email,1,1,0,0,0,0
session_1532,user_2071,Tablet,Australia,Social Media,1,1,0,0,0,0
session_1533,user_1360,Tablet,Australia,Social Media,1,0,0,0,0,0
session_1534,user_1829,Mobile,UK,Social Media,1,1,0,0,0,0
session_1535,user_1692,Mobile,USA,Social Media,1,1,1,1,1,1
session_1536,user_2078,Tablet,France,Social Media,1,1,0,0,0,0
session_1537,user_1920,Tablet,UK,Direct,1,0,0,0,0,0
session_1538,user_1749,Mobile,USA,Direct,1,0,0,0,0,0
session_1539,user_2191,Tablet,Australia,Direct,1,0,0,0,0,0
session_154,user_1963,Desktop,UK,Email,1,0,0,0,0,0
session_1540,user_2609,Tablet,UK,Direct,1,1,0,0,0,0
session_1541,user_1275,Desktop,France,Email,1,1,0,0,0,0
session_1542,user_2166,Tablet,Canada,Email,1,1,0,0,0,0
session_1543,user_1908,Tablet,Canada,Direct,1,0,0,0,0,0
session_1544,user_1289,Mobile,Germany,Social Media,1,1,1,0,0,0
session_1545,user_1884,Tablet,UK,Google,1,1,0,0,0,0
session_1546,user_1946,Mobile,Australia,Social Media,1,1,0,0,0,0
session_1547,user_1093,Mobile,Germany,Email,1,1,1,1,1,1
session_1548,user_1848,Mobile,Australia,Google,1,0,0,0,0,0
session_1549,user_1182,Desktop,India,Social Media,1,1,1,0,0,0
session_155,user_2609,Desktop,Canada,Email,1,1,1,0,0,0
session_1550,user_1009,Mobile,India,Social Media,1,1,0,0,0,0
session_1551,user_1186,Desktop,USA,Google,1,0,0,0,0,0
session_1552,user_2990,Tablet,Germany,Google,1,1,1,1,0,0
session_1553,user_1129,Mobile,India,Direct,1,1,1,1,1,1
session_1554,user_1669,Tablet,UK,Google,1,1,1,0,0,0
session_1555,user_2322,Mobile,Canada,Direct,1,1,0,0,0,0
session_1556,user_1673,Desktop,Canada,Email,1,0,0,0,0,0
session_1557,user_1135,Tablet,France,Google,1,1,0,0,0,0
session_1558,user_2367,Mobile,France,Email,1,1,1,0,0,0
session_1559,user_1047,Mobile,UK,Google,1,1,1,0,0,0
session_156,user_1498,Mobile,France,Google,1,1,1,1,1,1
session_1560,user_2871,Tablet,France,Email,1,1,1,0,0,0
session_1561,user_2012,Tablet,India,Social Media,1,1,1,0,0,0
session_1562,user_1801,Desktop,France,Direct,1,0,0,0,0,0
session_1563,user_2766,Mobile,UK,Google,1,1,1,1,1,1
session_1564,user_2412,Desktop,Australia,Google,1,1,1,1,1,1
session_1565,user_2658,Tablet,France,Social Media,1,0,0,0,0,0
session_1566,user_1774,Mobile,India,Google,1,1,1,1,1,1
session_1567,user_1030,Desktop,Australia,Social Media,1,1,0,0,0,0
session_1568,user_2172,Desktop,Australia,Direct,1,1,0,0,0,0
session_1569,user_2202,Tablet,India,Email,1,1,1,1,1,1
session_157,user_1874,Mobile,France,Direct,1,1,0,0,0,0
session_1570,user_1718,Desktop,France,Direct,1,0,0,0,0,0
session_1571,user_1470,Mobile,France,Social Media,1,1,0,0,0,0
session_1572,user_1748,Tablet,Germany,Google,1,1,1,1,1,1
session_1573,user_2835,Mobile,UK,Email,1,1,1,1,1,1
session_1574,user_2792,Mobile,USA,Google,1,1,0,0,0,0
session_1575,user_2330,Mobile,France,Social Media,1,0,0,0,0,0
session_1576,user_1420,Tablet,Germany,Social Media,1,1,1,1,1,1
session_1577,user_2042,Mobile,Germany,Email,1,1,1,1,0,0
session_1578,user_1923,Mobile,Canada,Google,1,0,0,0,0,0
session_1579,user_2011,Tablet,UK,Email,1,1,0,0,0,0
session_158,user_1160,Desktop,UK,Direct,1,1,1,0,0,0
session_1580,user_1435,Desktop,Germany,Email,1,1,0,0,0,0
session_1581,user_2053,Desktop,USA,Direct,1,1,0,0,0,0
session_1582,user_2232,Desktop,Germany,Email,1,0,0,0,0,0
session_1583,user_1638,Mobile,India,Google,1,0,0,0,0,0
session_1584,user_2622,Tablet,USA,Direct,1,1,1,1,1,1
session_1585,user_2615,Tablet,Australia,Email,1,0,0,0,0,0
session_1586,user_2949,Desktop,USA,Google,1,0,0,0,0,0
session_1587,user_2262,Desktop,India,Email,1,1,0,0,0,0
session_1588,user_1790,Tablet,Canada,Email,1,1,0,0,0,0
session_1589,user_2763,Mobile,USA,Email,1,1,0,0,0,0
session_159,user_2712,Desktop,Australia,Direct,1,0,0,0,0,0
session_1590,user_2180,Desktop,Canada,Google,1,0,0,0,0,0
session_1591,user_1199,Mobile,Australia,Google,1,0,0,0,0,0
session_1592,user_1845,Mobile,Germany,Email,1,1,1,1,1,1
session_1593,user_2362,Tablet,UK,Email,1,1,1,1,1,1
session_1594,user_1884,Tablet,UK,Email,1,1,0,0,0,0
session_1595,user_2668,Desktop,France,Direct,1,1,1,1,1,1
session_1596,user_1757,Mobile,France,Google,1,1,0,0,0,0
session_1597,user_2981,Desktop,France,Email,1,1,1,1,0,0
session_1598,user_2192,Mobile,India,Direct,1,1,1,1,1,1
session_1599,user_1182,Desktop,Australia,Email,1,0,0,0,0,0
session_16,user_1016,Mobile,USA,Email,1,0,0,0,0,0
session_160,user_1042,Mobile,France,Email,1,1,1,1,0,0
session_1600,user_1834,Desktop,Canada,Social Media,1,1,0,0,0,0
session_1601,user_2291,Tablet,India,Direct,1,1,0,0,0,0
session_1602,user_1291,Desktop,India,Google,1,1,0,0,0,0
session_1603,user_2934,Desktop,USA,Social Media,1,1,1,1,1,1
session_1604,user_2118,Desktop,Germany,Direct,1,1,0,0,0,0
session_1605,user_1315,Desktop,India,Google,1,1,1,1,1,1
session_1606,user_1740,Tablet,USA,Social Media,1,1,0,0,0,0
session_1607,user_1229,Tablet,UK,Email,1,0,0,0,0,0
session_1608,user_1936,Desktop,India,Social Media,1,0,0,0,0,0
session_1609,user_2658,Mobile,USA,Social Media,1,1,0,0,0,0
session_161,user_1904,Mobile,UK,Social Media,1,1,0,0,0,0
session_1610,user_2315,Desktop,India,Email,1,1,1,0,0,0
session_1611,user_2731,Mobile,Australia,Direct,1,1,1,1,1,1
session_1612,user_1410,Mobile,UK,Social Media,1,1,0,0,0,0
session_1613,user_1727,Desktop,UK,Google,1,1,0,0,0,0
session_1614,user_2099,Mobile,Australia,Email,1,1,0,0,0,0
session_1615,user_1041,Desktop,France,Direct,1,1,0,0,0,0
session_1616,user_2931,Desktop,UK,Google,1,1,1,1,1,1
session_1617,user_2030,Desktop,France,Direct,1,0,0,0,0,0
session_1618,user_1787,Tablet,Germany,Direct,1,1,1,1,1,1
session_1619,user_2476,Desktop,UK,Email,1,1,0,0,0,0
session_162,user_1674,Tablet,Australia,Email,1,1,1,1,1,1
session_1620,user_2120,Mobile,UK,Google,1,1,0,0,0,0
session_1621,user_1581,Desktop,India,Direct,1,1,1,1,1,1
session_1622,user_2036,Mobile,Canada,Email,1,1,0,0,0,0
session_1623,user_2771,Desktop,France,Social Media,1,1,0,0,0,0
session_1624,user_2128,Desktop,UK,Email,1,1,1,1,1,1
session_1625,user_1955,Desktop,India,Google,1,0,0,0,0,0
session_1626,user_2526,Mobile,Canada,Email,1,1,0,0,0,0
session_1627,user_1306,Desktop,UK,Google,1,1,0,0,0,0
session_1628,user_1715,Desktop,Canada,Direct,1,1,0,0,0,0
session_1629,user_2698,Mobile,Germany,Email,1,1,0,0,0,0
session_163,user_2237,Mobile,France,Google,1,1,1,1,1,1
session_1630,user_1593,Desktop,Canada,Direct,1,1,1,1,1,1
session_1631,user_2993,Mobile,Australia,Email,1,1,0,0,0,0
session_1632,user_2738,Tablet,UK,Email,1,1,1,0,0,0
session_1633,user_1009,Desktop,France,Email,1,1,0,0,0,0
session_1634,user_2104,Mobile,Germany,Email,1,0,0,0,0,0
session_1635,user_1224,Tablet,Australia,Email,1,1,1,0,0,0
session_1636,user_2251,Desktop,USA,Email,1,1,1,1,1,1
session_1637,user_2650,Tablet,Australia,Social Media,1,1,0,0,0,0
session_1638,user_2883,Desktop,Canada,Direct,1,1,0,0,0,0
session_1639,user_2081,Desktop,UK,Google,1,1,1,1,1,1
session_164,user_2015,Tablet,Canada,Google,1,1,1,0,0,0
session_1640,user_1422,Desktop,India,Direct,1,1,1,1,1,1
session_1641,user_1561,Desktop,UK,Social Media,1,1,0,0,0,0
session_1642,user_2001,Tablet,France,Email,1,1,0,0,0,0
session_1643,user_2789,Mobile,UK,Direct,1,1,0,0,0,0
session_1644,user_1831,Tablet,Australia,Social Media,1,1,0,0,0,0
session_1645,user_2302,Desktop,France,Email,1,1,1,1,1,1
session_1646,user_1023,Tablet,USA,Email,1,0,0,0,0,0
session_1647,user_1512,Mobile,Canada,Google,1,1,0,0,0,0
session_1648,user_1135,Desktop,France,Direct,1,1,0,0,0,0
session_1649,user_2689,Desktop,France,Direct,1,1,0,0,0,0
session_165,user_1133,Mobile,France,Google,1,1,0,0,0,0
session_1650,user_1447,Mobile,India,Direct,1,1,1,0,0,0
session_1651,user_1394,Tablet,India,Google,1,1,0,0,0,0
session_1652,user_1394,Tablet,France,Direct,1,1,1,1,1,1
session_1653,user_2812,Desktop,Germany,Direct,1,1,1,1,1,1
session_1654,user_1453,Tablet,USA,Google,1,1,1,0,0,0
session_1655,user_2600,Tablet,UK,Email,1,1,0,0,0,0
session_1656,user_2732,Mobile,Germany,Google,1,1,0,0,0,0
session_1657,user_2424,Tablet,USA,Email,1,1,0,0,0,0
session_1658,user_1920,Desktop,USA,Email,1,1,0,0,0,0
session_1659,user_1027,Tablet,UK,Social Media,1,0,0,0,0,0
session_166,user_2737,Tablet,France,Direct,1,1,0,0,0,0
session_1660,user_1328,Mobile,India,Social Media,1,1,1,0,0,0
session_1661,user_1588,Mobile,Canada,Google,1,1,1,0,0,0
session_1662,user_1826,Mobile,Germany,Direct,1,1,0,0,0,0
session_1663,user_2548,Tablet,Germany,Direct,1,0,0,0,0,0
session_1664,user_2046,Mobile,USA,Email,1,0,0,0,0,0
session_1665,user_2664,Desktop,UK,Google,1,1,0,0,0,0
session_1666,user_2644,Tablet,Canada,Google,1,1,1,1,0,0
session_1667,user_2193,Tablet,Germany,Google,1,0,0,0,0,0
session_1668,user_2010,Tablet,USA,Google,1,1,1,0,0,0
session_1669,user_2394,Mobile,Germany,Google,1,1,1,0,0,0
session_167,user_2987,Tablet,France,Email,1,1,0,0,0,0
session_1670,user_1712,Tablet,France,Google,1,1,0,0,0,0
session_1671,user_1155,Mobile,France,Google,1,1,0,0,0,0
session_1672,user_2160,Desktop,Canada,Google,1,0,0,0,0,0
session_1673,user_1158,Mobile,UK,Google,1,1,1,0,0,0
session_1674,user_2172,Tablet,Germany,Google,1,0,0,0,0,0
session_1675,user_2095,Tablet,Australia,Google,1,0,0,0,0,0
session_1676,user_2090,Desktop,India,Direct,1,0,0,0,0,0
session_1677,user_2403,Desktop,France,Google,1,1,1,0,0,0
session_1678,user_1379,Tablet,Australia,Social Media,1,1,0,0,0,0
session_1679,user_2973,Tablet,Germany,Google,1,0,0,0,0,0
session_168,user_1841,Desktop,Germany,Direct,1,1,1,1,1,1
session_1680,user_2595,Mobile,India,Direct,1,1,1,1,1,1
session_1681,user_2102,Mobile,France,Google,1,1,1,1,1,1
session_1682,user_2887,Tablet,UK,Direct,1,1,1,1,1,1
session_1683,user_1979,Desktop,USA,Google,1,1,0,0,0,0
session_1684,user_1394,Mobile,Germany,Direct,1,1,0,0,0,0
session_1685,user_2312,Tablet,France,Email,1,0,0,0,0,0
session_1686,user_2527,Desktop,France,Direct,1,0,0,0,0,0
session_1687,user_1509,Mobile,India,Email,1,1,0,0,0,0
session_1688,user_2078,Mobile,Australia,Social Media,1,0,0,0,0,0
session_1689,user_2425,Tablet,USA,Social Media,1,1,0,0,0,0
session_169,user_1759,Desktop,Germany,Google,1,1,1,0,0,0
session_1690,user_1875,Tablet,Germany,Social Media,1,1,0,0,0,0
session_1691,user_2493,Tablet,Australia,Google,1,0,0,0,0,0
session_1692,user_2476,Desktop,USA,Direct,1,1,1,1,1,1
session_1693,user_2152,Desktop,Germany,Google,1,1,0,0,0,0
session_1694,user_1025,Tablet,Canada,Email,1,1,1,1,1,1
session_1695,user_1830,Mobile,UK,Google,1,1,1,0,0,0
session_1696,user_1347,Mobile,USA,Social Media,1,1,0,0,0,0
session_1697,user_2027,Tablet,Canada,Google,1,1,0,0,0,0
session_1698,user_1948,Tablet,Canada,Direct,1,1,1,1,1,1
session_1699,user_2030,Tablet,France,Direct,1,0,0,0,0,0
session_17,user_1629,Mobile,USA,Social Media,1,1,1,0,0,0
session_170,user_1692,Mobile,USA,Direct,1,1,1,0,0,0
session_1700,user_1982,Tablet,Germany,Direct,1,1,0,0,0,0
session_1701,user_2734,Desktop,France,Social Media,1,0,0,0,0,0
session_1702,user_2600,Tablet,Germany,Google,1,1,0,0,0,0
session_1703,user_1807,Desktop,Canada,Google,1,1,0,0,0,0
session_1704,user_2978,Mobile,France,Social Media,1,1,1,0,0,0
session_1705,user_2196,Mobile,India,Google,1,0,0,0,0,0
session_1706,user_1135,Desktop,Canada,Google,1,1,1,0,0,0
session_1707,user_2542,Mobile,USA,Google,1,0,0,0,0,0
session_1708,user_2258,Tablet,France,Email,1,1,0,0,0,0
session_1709,user_1104,Mobile,Canada,Social Media,1,0,0,0,0,0
session_171,user_2076,Desktop,USA,Email,1,1,0,0,0,0
session_1710,user_1430,Mobile,India,Social Media,1,0,0,0,0,0
session_1711,user_1519,Tablet,USA,Google,1,1,0,0,0,0
session_1712,user_1031,Desktop,UK,Social Media,1,1,0,0,0,0
session_1713,user_1087,Mobile,Germany,Google,1,1,0,0,0,0
session_1714,user_1808,Desktop,Canada,Direct,1,1,1,1,1,1
session_1715,user_1440,Mobile,Canada,Direct,1,1,1,1,1,1
session_1716,user_2577,Mobile,Canada,Email,1,1,0,0,0,0
session_1717,user_2377,Desktop,Canada,Social Media,1,1,0,0,0,0
session_1718,user_1244,Mobile,Australia,Google,1,1,1,0,0,0
session_1719,user_2861,Mobile,Germany,Direct,1,0,0,0,0,0
session_172,user_1172,Desktop,Australia,Direct,1,1,0,0,0,0
session_1720,user_2038,Desktop,UK,Direct,1,0,0,0,0,0
session_1721,user_2195,Mobile,Germany,Email,1,1,0,0,0,0
session_1722,user_1111,Desktop,UK,Google,1,1,0,0,0,0
session_1723,user_2239,Desktop,France,Email,1,0,0,0,0,0
session_1724,user_1738,Tablet,Australia,Email,1,0,0,0,0,0
session_1725,user_1736,Mobile,France,Email,1,1,1,1,1,1
session_1726,user_2862,Desktop,India,Direct,1,1,1,1,1,1
session_1727,user_1076,Desktop,Germany,Email,1,1,0,0,0,0
session_1728,user_2769,Tablet,UK,Google,1,1,0,0,0,0
session_1729,user_2083,Tablet,USA,Email,1,1,0,0,0,0
session_173,user_1705,Desktop,USA,Email,1,1,0,0,0,0
session_1730,user_1838,Desktop,UK,Email,1,1,0,0,0,0
session_1731,user_2184,Tablet,Australia,Email,1,1,0,0,0,0
session_1732,user_1040,Mobile,India,Google,1,1,1,1,1,1
session_1733,user_2416,Tablet,Australia,Direct,1,0,0,0,0,0
session_1734,user_2801,Mobile,India,Google,1,1,0,0,0,0
session_1735,user_2469,Tablet,Germany,Email,1,0,0,0,0,0
session_1736,user_2678,Mobile,USA,Social Media,1,1,0,0,0,0
session_1737,user_1382,Mobile,UK,Direct,1,0,0,0,0,0
session_1738,user_2548,Desktop,Australia,Direct,1,1,1,1,1,1
session_1739,user_2578,Mobile,Australia,Social Media,1,1,0,0,0,0
session_174,user_1425,Desktop,France,Direct,1,1,0,0,0,0
session_1740,user_2817,Desktop,UK,Social Media,1,1,0,0,0,0
session_1741,user_1118,Tablet,France,Social Media,1,0,0,0,0,0
session_1742,user_2588,Desktop,France,Email,1,1,1,1,1,1
session_1743,user_2944,Desktop,Germany,Google,1,1,0,0,0,0
session_1744,user_2884,Desktop,India,Social Media,1,1,0,0,0,0
session_1745,user_1152,Desktop,Canada,Email,1,1,0,0,0,0
session_1746,user_2400,Mobile,India,Social Media,1,1,1,0,0,0
session_1747,user_2191,Tablet,France,Direct,1,1,1,1,1,1
session_1748,user_2398,Tablet,Australia,Google,1,0,0,0,0,0
session_1749,user_1045,Mobile,UK,Social Media,1,1,1,1,1,1
session_175,user_2255,Desktop,Germany,Direct,1,0,0,0,0,0
session_1750,user_2375,Mobile,Germany,Direct,1,1,1,1,1,1
session_1751,user_1978,Tablet,UK,Social Media,1,1,0,0,0,0
session_1752,user_2050,Desktop,UK,Social Media,1,0,0,0,0,0
session_1753,user_1901,Mobile,Canada,Google,1,1,0,0,0,0
session_1754,user_1645,Mobile,India,Email,1,1,0,0,0,0
session_1755,user_2079,Desktop,UK,Google,1,1,0,0,0,0
session_1756,user_1144,Mobile,Australia,Email,1,1,0,0,0,0
session_1757,user_1752,Mobile,UK,Email,1,1,0,0,0,0
session_1758,user_2235,Desktop,USA,Social Media,1,1,0,0,0,0
session_1759,user_2888,Mobile,Germany,Email,1,1,0,0,0,0
session_176,user_1997,Desktop,France,Email,1,0,0,0,0,0
session_1760,user_1649,Desktop,India,Email,1,0,0,0,0,0
session_1761,user_2108,Mobile,India,Social Media,1,1,0,0,0,0
session_1762,user_1668,Mobile,India,Social Media,1,1,0,0,0,0
session_1763,user_2805,Mobile,India,Email,1,1,0,0,0,0
session_1764,user_1872,Tablet,France,Social Media,1,0,0,0,0,0
session_1765,user_1569,Mobile,Germany,Google,1,1,1,0,0,0
session_1766,user_1872,Desktop,USA,Email,1,1,0,0,0,0
session_1767,user_1643,Tablet,India,Social Media,1,0,0,0,0,0
session_1768,user_1060,Tablet,France,Social Media,1,1,1,1,1,1
session_1769,user_1235,Desktop,India,Email,1,1,1,1,1,1
session_177,user_2361,Desktop,Canada,Google,1,0,0,0,0,0
session_1770,user_2803,Mobile,USA,Google,1,1,0,0,0,0
session_1771,user_1886,Mobile,Germany,Google,1,1,0,0,0,0
session_1772,user_1202,Desktop,USA,Social Media,1,1,0,0,0,0
session_1773,user_2776,Mobile,Australia,Social Media,1,1,0,0,0,0
session_1774,user_2902,Tablet,Canada,Social Media,1,1,0,0,0,0
session_1775,user_2434,Mobile,India,Email,1,1,0,0,0,0
session_1776,user_1992,Tablet,France,Social Media,1,1,1,1,1,1
session_1777,user_2278,Tablet,India,Google,1,1,0,0,0,0
session_1778,user_2460,Desktop,Germany,Email,1,1,0,0,0,0
session_1779,user_1930,Mobile,Germany,Direct,1,1,0,0,0,0
session_178,user_1627,Tablet,UK,Direct,1,1,1,1,1,1
session_1780,user_2611,Desktop,USA,Social Media,1,1,0,0,0,0
session_1781,user_1473,Tablet,France,Direct,1,1,0,0,0,0
session_1782,user_1912,Desktop,Germany,Google,1,1,0,0,0,0
session_1783,user_1874,Desktop,Canada,Email,1,1,1,0,0,0
session_1784,user_1241,Desktop,Australia,Social Media,1,1,0,0,0,0
session_1785,user_1884,Mobile,France,Google,1,1,0,0,0,0
session_1786,user_1514,Tablet,India,Direct,1,1,1,1,1,1
session_1787,user_1421,Tablet,Canada,Direct,1,0,0,0,0,0
session_1788,user_2557,Tablet,France,Google,1,1,1,1,1,1
session_1789,user_2883,Tablet,Canada,Email,1,1,0,0,0,0
session_179,user_2067,Mobile,Australia,Google,1,1,0,0,0,0
session_1790,user_1687,Mobile,UK,Email,1,1,0,0,0,0
session_1791,user_1880,Desktop,Australia,Google,1,0,0,0,0,0
session_1792,user_1143,Desktop,Australia,Social Media,1,1,1,1,0,0
session_1793,user_2202,Tablet,USA,Email,1,1,1,1,1,1
session_1794,user_2298,Tablet,Australia,Social Media,1,1,0,0,0,0
session_1795,user_2007,Mobile,UK,Email,1,1,1,1,1,1
session_1796,user_2125,Mobile,Australia,Email,1,1,0,0,0,0
session_1797,user_1665,Mobile,Canada,Direct,1,1,0,0,0,0
session_1798,user_2615,Tablet,Canada,Direct,1,1,0,0,0,0
session_1799,user_2773,Desktop,USA,Google,1,1,1,0,0,0
session_18,user_1797,Mobile,USA,Email,1,1,1,1,1,1
session_180,user_2326,Desktop,UK,Email,1,1,1,0,0,0
session_1800,user_2029,Desktop,Germany,Social Media,1,0,0,0,0,0
session_1801,user_2495,Desktop,France,Direct,1,1,0,0,0,0
session_1802,user_1705,Desktop,Australia,Google,1,1,0,0,0,0
session_1803,user_2837,Tablet,Canada,Google,1,1,0,0,0,0
session_1804,user_2782,Desktop,France,Social Media,1,1,1,1,1,1
session_1805,user_1073,Mobile,France,Social Media,1,1,1,1,1,1
session_1806,user_1835,Mobile,USA,Google,1,1,1,1,1,1
session_1807,user_1226,Tablet,India,Direct,1,1,1,0,0,0
session_1808,user_2058,Desktop,Australia,Social Media,1,1,1,1,1,1
session_1809,user_1922,Tablet,UK,Email,1,1,1,0,0,0
session_181,user_2838,Tablet,UK,Google,1,1,0,0,0,0
session_1810,user_1222,Tablet,France,Google,1,1,1,1,1,1
session_1811,user_2852,Desktop,France,Google,1,1,0,0,0,0
session_1812,user_1134,Mobile,Canada,Direct,1,0,0,0,0,0
session_1813,user_1742,Desktop,Canada,Email,1,1,0,0,0,0
session_1814,user_1177,Tablet,UK,Social Media,1,1,0,0,0,0
session_1815,user_2800,Tablet,Canada,Google,1,1,0,0,0,0
session_1816,user_2459,Tablet,Germany,Google,1,0,0,0,0,0
session_1817,user_1454,Tablet,UK,Google,1,1,1,1,1,1
session_1818,user_1274,Tablet,Australia,Direct,1,1,0,0,0,0
session_1819,user_1160,Desktop,Germany,Google,1,0,0,0,0,0
session_182,user_1127,Desktop,India,Social Media,1,0,0,0,0,0
session_1820,user_2155,Desktop,Germany,Social Media,1,1,0,0,0,0
session_1821,user_1328,Desktop,Australia,Social Media,1,0,0,0,0,0
session_1822,user_1443,Tablet,France,Direct,1,1,1,1,1,1
session_1823,user_2663,Tablet,France,Google,1,1,1,0,0,0
session_1824,user_2935,Mobile,India,Email,1,1,0,0,0,0
session_1825,user_2542,Desktop,Canada,Direct,1,1,0,0,0,0
session_1826,user_1160,Desktop,Australia,Email,1,1,0,0,0,0
session_1827,user_1127,Desktop,India,Social Media,1,1,0,0,0,0
session_1828,user_1352,Tablet,UK,Direct,1,1,0,0,0,0
session_1829,user_2520,Desktop,France,Social Media,1,1,0,0,0,0
session_183,user_1087,Desktop,India,Google,1,1,0,0,0,0
session_1830,user_1993,Mobile,France,Google,1,1,1,1,1,1
session_1831,user_2650,Tablet,Canada,Email,1,1,1,0,0,0
session_1832,user_2081,Mobile,UK,Email,1,1,1,0,0,0
session_1833,user_1005,Desktop,India,Google,1,1,1,1,1,1
session_1834,user_2684,Tablet,USA,Direct,1,1,0,0,0,0
session_1835,user_1563,Desktop,UK,Google,1,1,0,0,0,0
session_1836,user_1085,Tablet,France,Google,1,0,0,0,0,0
session_1837,user_2198,Tablet,USA,Social Media,1,0,0,0,0,0
session_1838,user_2896,Tablet,Germany,Email,1,0,0,0,0,0
session_1839,user_2895,Desktop,Australia,Direct,1,1,0,0,0,0
session_184,user_1954,Tablet,USA,Email,1,0,0,0,0,0
session_1840,user_2675,Desktop,France,Email,1,1,0,0,0,0
session_1841,user_2048,Mobile,Canada,Email,1,1,0,0,0,0
session_1842,user_1703,Desktop,India,Email,1,1,0,0,0,0
session_1843,user_1247,Mobile,India,Social Media,1,1,0,0,0,0
session_1844,user_2576,Tablet,Australia,Google,1,1,1,1,1,1
session_1845,user_2082,Desktop,France,Direct,1,1,0,0,0,0
session_1846,user_2410,Desktop,Canada,Social Media,1,1,1,1,1,1
session_1847,user_2067,Mobile,USA,Google,1,0,0,0,0,0
session_1848,user_1592,Tablet,Germany,Direct,1,1,0,0,0,0
session_1849,user_1946,Mobile,UK,Email,1,1,0,0,0,0
session_185,user_1012,Tablet,UK,Direct,1,0,0,0,0,0
session_1850,user_2557,Desktop,Germany,Google,1,1,1,1,1,1
session_1851,user_1135,Tablet,India,Email,1,1,0,0,0,0
session_1852,user_1369,Mobile,India,Google,1,1,0,0,0,0
session_1853,user_2896,Mobile,UK,Social Media,1,0,0,0,0,0
session_1854,user_2215,Mobile,UK,Google,1,1,0,0,0,0
session_1855,user_1504,Tablet,Canada,Direct,1,1,0,0,0,0
session_1856,user_2782,Tablet,Australia,Social Media,1,1,0,0,0,0
session_1857,user_2474,Desktop,Australia,Google,1,1,1,1,1,1
session_1858,user_1923,Tablet,USA,Direct,1,1,1,1,1,1
session_1859,user_2211,Mobile,UK,Direct,1,0,0,0,0,0
session_186,user_1774,Tablet,Canada,Email,1,1,0,0,0,0
session_1860,user_1836,Desktop,Canada,Google,1,0,0,0,0,0
session_1861,user_2950,Mobile,Australia,Google,1,1,1,0,0,0
session_1862,user_2008,Mobile,Germany,Google,1,1,0,0,0,0
session_1863,user_1856,Mobile,France,Social Media,1,1,0,0,0,0
session_1864,user_1239,Tablet,USA,Email,1,0,0,0,0,0
session_1865,user_1144,Desktop,Germany,Social Media,1,0,0,0,0,0
session_1866,user_1391,Mobile,France,Social Media,1,1,0,0,0,0
session_1867,user_2660,Tablet,Australia,Social Media,1,1,0,0,0,0
session_1868,user_2087,Desktop,France,Social Media,1,1,0,0,0,0
session_1869,user_2534,Desktop,India,Direct,1,1,0,0,0,0
session_187,user_2956,Tablet,Australia,Email,1,1,0,0,0,0
session_1870,user_1872,Tablet,France,Social Media,1,1,0,0,0,0
session_1871,user_2103,Desktop,India,Google,1,0,0,0,0,0
session_1872,user_1330,Mobile,USA,Google,1,1,0,0,0,0
session_1873,user_1785,Desktop,Canada,Social Media,1,1,0,0,0,0
session_1874,user_2857,Desktop,Canada,Email,1,1,0,0,0,0
session_1875,user_2469,Mobile,France,Social Media,1,1,1,1,1,1
session_1876,user_2855,Desktop,USA,Direct,1,1,0,0,0,0
session_1877,user_1885,Tablet,USA,Email,1,1,0,0,0,0
session_1878,user_2728,Desktop,UK,Social Media,1,1,0,0,0,0
session_1879,user_1020,Tablet,France,Social Media,1,1,0,0,0,0
session_188,user_1525,Mobile,Canada,Direct,1,1,1,1,1,1
session_1880,user_1723,Mobile,India,Google,1,0,0,0,0,0
session_1881,user_1646,Desktop,Canada,Email,1,1,1,1,1,1
session_1882,user_2505,Mobile,USA,Email,1,0,0,0,0,0
session_1883,user_2290,Tablet,UK,Direct,1,1,1,0,0,0
session_1884,user_1858,Tablet,Germany,Email,1,0,0,0,0,0
session_1885,user_2962,Mobile,France,Google,1,1,0,0,0,0
session_1886,user_2179,Desktop,France,Google,1,1,0,0,0,0
session_1887,user_1620,Tablet,USA,Social Media,1,1,1,1,1,1
session_1888,user_1489,Desktop,France,Email,1,1,0,0,0,0
session_1889,user_1353,Mobile,Canada,Google,1,0,0,0,0,0
session_189,user_2269,Mobile,India,Social Media,1,1,1,1,1,1
session_1890,user_2821,Mobile,Canada,Google,1,1,1,1,1,1
session_1891,user_1209,Desktop,Australia,Email,1,1,0,0,0,0
session_1892,user_1061,Mobile,USA,Direct,1,1,0,0,0,0
session_1893,user_1135,Desktop,India,Email,1,0,0,0,0,0
session_1894,user_1185,Mobile,Canada,Google,1,1,1,1,1,1
session_1895,user_2045,Tablet,UK,Social Media,1,1,0,0,0,0
session_1896,user_2662,Desktop,India,Social Media,1,1,0,0,0,0
session_1897,user_1698,Mobile,France,Direct,1,0,0,0,0,0
session_1898,user_2305,Tablet,Canada,Email,1,0,0,0,0,0
session_1899,user_1389,Tablet,Australia,Direct,1,1,1,1,1,1
session_19,user_2000,Tablet,USA,Email,1,1,0,0,0,0
session_190,user_1842,Desktop,UK,Direct,1,0,0,0,0,0
session_1900,user_2003,Tablet,USA,Google,1,1,1,0,0,0
session_1901,user_2411,Desktop,France,Direct,1,1,1,1,1,1
session_1902,user_2957,Mobile,France,Social Media,1,0,0,0,0,0
session_1903,user_1274,Desktop,Canada,Social Media,1,1,0,0,0,0
session_1904,user_1042,Tablet,UK,Email,1,1,0,0,0,0
session_1905,user_1069,Tablet,UK,Social Media,1,1,1,1,1,1
session_1906,user_1140,Desktop,Canada,Google,1,1,1,0,0,0
session_1907,user_2522,Tablet,Germany,Social Media,1,0,0,0,0,0
session_1908,user_1579,Desktop,France,Google,1,1,0,0,0,0
session_1909,user_1104,Desktop,France,Social Media,1,1,0,0,0,0
session_191,user_1501,Mobile,USA,Social Media,1,1,0,0,0,0
session_1910,user_2730,Desktop,UK,Email,1,1,0,0,0,0
session_1911,user_2578,Mobile,Canada,Email,1,1,1,1,0,0
session_1912,user_1692,Mobile,USA,Google,1,1,1,0,0,0
session_1913,user_2867,Desktop,Germany,Google,1,1,1,1,1,1
session_1914,user_2716,Tablet,France,Email,1,0,0,0,0,0
session_1915,user_2860,Mobile,Canada,Google,1,1,0,0,0,0
session_1916,user_1961,Mobile,Germany,Google,1,1,1,1,1,1
session_1917,user_2388,Tablet,India,Social Media,1,1,0,0,0,0
session_1918,user_1732,Desktop,Australia,Direct,1,1,0,0,0,0
session_1919,user_1258,Tablet,India,Email,1,1,1,1,1,1
session_192,user_2116,Tablet,France,Google,1,1,0,0,0,0
session_1920,user_1807,Desktop,India,Direct,1,0,0,0,0,0
session_1921,user_1351,Tablet,France,Direct,1,0,0,0,0,0
session_1922,user_2840,Mobile,India,Google,1,1,1,1,1,1
session_1923,user_2926,Mobile,Germany,Social Media,1,1,0,0,0,0
session_1924,user_2295,Tablet,USA,Google,1,1,0,0,0,0
session_1925,user_2098,Mobile,Australia,Direct,1,0,0,0,0,0
session_1926,user_1182,Mobile,Australia,Google,1,0,0,0,0,0
session_1927,user_1078,Mobile,France,Email,1,1,0,0,0,0
session_1928,user_1906,Desktop,Canada,Google,1,1,1,1,1,1
session_1929,user_1834,Mobile,France,Google,1,1,1,1,1,1
session_193,user_2748,Mobile,India,Email,1,1,0,0,0,0
session_1930,user_2117,Desktop,USA,Social Media,1,0,0,0,0,0
session_1931,user_1553,Desktop,USA,Social Media,1,1,0,0,0,0
session_1932,user_1119,Mobile,Canada,Email,1,1,0,0,0,0
session_1933,user_2449,Tablet,India,Google,1,0,0,0,0,0
session_1934,user_2444,Tablet,Germany,Google,1,1,1,1,1,1
session_1935,user_1861,Desktop,USA,Social Media,1,1,0,0,0,0
session_1936,user_1704,Tablet,USA,Email,1,1,1,1,1,1
session_1937,user_2627,Tablet,Germany,Direct,1,1,0,0,0,0
session_1938,user_2402,Tablet,UK,Direct,1,1,1,0,0,0
session_1939,user_2213,Mobile,Australia,Direct,1,1,1,1,1,1
session_194,user_1566,Mobile,Australia,Social Media,1,0,0,0,0,0
session_1940,user_1246,Desktop,Canada,Email,1,1,1,1,1,1
session_1941,user_1882,Desktop,USA,Email,1,1,0,0,0,0
session_1942,user_1805,Desktop,UK,Google,1,1,0,0,0,0
session_1943,user_2684,Desktop,USA,Email,1,1,0,0,0,0
session_1944,user_1808,Desktop,India,Social Media,1,1,1,1,1,1
session_1945,user_1330,Desktop,USA,Social Media,1,1,0,0,0,0
session_1946,user_2402,Mobile,Australia,Google,1,1,1,1,1,1
session_1947,user_2820,Desktop,Canada,Email,1,1,1,1,1,1
session_1948,user_1585,Mobile,USA,Social Media,1,1,1,1,1,1
session_1949,user_2705,Mobile,Australia,Email,1,0,0,0,0,0
session_195,user_1535,Desktop,Germany,Social Media,1,1,0,0,0,0
session_1950,user_1690,Mobile,Germany,Social Media,1,1,1,1,1,1
session_1951,user_1335,Desktop,UK,Google,1,1,0,0,0,0
session_1952,user_1922,Mobile,Canada,Email,1,1,1,1,0,0
session_1953,user_2618,Tablet,Germany,Direct,1,0,0,0,0,0
session_1954,user_2631,Desktop,UK,Social Media,1,1,0,0,0,0
session_1955,user_2800,Desktop,Canada,Social Media,1,1,1,1,1,1
session_1956,user_2301,Mobile,Canada,Google,1,0,0,0,0,0
session_1957,user_2336,Mobile,Germany,Direct,1,1,0,0,0,0
session_1958,user_1364,Tablet,Canada,Social Media,1,1,0,0,0,0
session_1959,user_2257,Tablet,Germany,Email,1,1,0,0,0,0
session_196,user_2277,Tablet,USA,Direct,1,1,0,0,0,0
session_1960,user_1223,Tablet,Canada,Social Media,1,1,0,0,0,0
session_1961,user_2012,Tablet,Canada,Email,1,1,1,1,1,1
session_1962,user_2168,Desktop,Australia,Social Media,1,1,0,0,0,0
session_1963,user_1888,Mobile,UK,Social Media,1,0,0,0,0,0
session_1964,user_2501,Mobile,France,Email,1,1,1,1,1,1
session_1965,user_1209,Desktop,Australia,Direct,1,1,1,0,0,0
session_1966,user_1066,Tablet,Canada,Email,1,0,0,0,0,0
session_1967,user_2127,Mobile,Australia,Google,1,1,0,0,0,0
session_1968,user_2607,Mobile,Australia,Social Media,1,1,0,0,0,0
session_1969,user_1516,Mobile,Canada,Direct,1,1,0,0,0,0
session_197,user_1571,Mobile,UK,Social Media,1,1,0,0,0,0
session_1970,user_1780,Desktop,Canada,Direct,1,1,1,1,1,1
session_1971,user_2677,Mobile,France,Direct,1,1,0,0,0,0
session_1972,user_1634,Desktop,France,Social Media,1,1,0,0,0,0
session_1973,user_1740,Mobile,Canada,Direct,1,1,0,0,0,0
session_1974,user_1710,Mobile,Australia,Email,1,0,0,0,0,0
session_1975,user_2080,Tablet,Australia,Email,1,0,0,0,0,0
session_1976,user_2245,Desktop,Germany,Email,1,1,0,0,0,0
session_1977,user_1404,Mobile,Australia,Direct,1,1,1,1,1,1
session_1978,user_1608,Mobile,India,Email,1,0,0,0,0,0
session_1979,user_1755,Tablet,Germany,Email,1,1,1,1,1,1
session_198,user_1035,Tablet,Germany,Email,1,1,1,0,0,0
session_1980,user_2669,Mobile,Germany,Google,1,1,1,1,1,1
session_1981,user_2773,Tablet,France,Email,1,0,0,0,0,0
session_1982,user_2677,Mobile,Australia,Email,1,1,1,1,1,1
session_1983,user_2198,Mobile,Canada,Email,1,1,0,0,0,0
session_1984,user_1533,Tablet,USA,Social Media,1,0,0,0,0,0
session_1985,user_1968,Desktop,Germany,Direct,1,0,0,0,0,0
session_1986,user_2346,Tablet,UK,Email,1,1,1,1,1,1
session_1987,user_2382,Tablet,India,Google,1,1,1,0,0,0
session_1988,user_1219,Desktop,USA,Email,1,1,1,1,0,0
session_1989,user_1505,Mobile,UK,Email,1,1,0,0,0,0
session_199,user_2119,Tablet,Australia,Google,1,1,0,0,0,0
session_1990,user_2475,Mobile,France,Social Media,1,1,1,1,0,0
session_1991,user_1648,Mobile,Germany,Email,1,1,0,0,0,0
session_1992,user_2985,Desktop,UK,Direct,1,0,0,0,0,0
session_1993,user_2446,Desktop,UK,Email,1,1,1,1,1,1
session_1994,user_1697,Mobile,USA,Email,1,1,1,1,1,1
session_1995,user_2285,Tablet,Germany,Social Media,1,1,1,1,1,1
session_1996,user_1683,Tablet,UK,Google,1,1,0,0,0,0
session_1997,user_2380,Tablet,France,Google,1,1,0,0,0,0
session_1998,user_2265,Mobile,Australia,Google,1,1,1,0,0,0
session_1999,user_2258,Mobile,USA,Social Media,1,1,0,0,0,0
session_2,user_1708,Mobile,India,Google,1,0,0,0,0,0
session_20,user_2182,Desktop,Canada,Direct,1,1,0,0,0,0
session_200,user_1823,Desktop,France,Email,1,1,1,1,1,1
session_2000,user_1488,Tablet,France,Email,1,1,0,0,0,0
session_2001,user_1538,Desktop,Germany,Direct,1,1,1,0,0,0
session_2002,user_2073,Desktop,India,Email,1,0,0,0,0,0
session_2003,user_2871,Desktop,India,Email,1,1,0,0,0,0
session_2004,user_2752,Mobile,France,Email,1,1,0,0,0,0
session_2005,user_1531,Desktop,India,Social Media,1,1,1,1,1,1
session_2006,user_2114,Tablet,India,Social Media,1,0,0,0,0,0
session_2007,user_2797,Desktop,India,Email,1,1,0,0,0,0
session_2008,user_2540,Desktop,UK,Direct,1,0,0,0,0,0
session_2009,user_1235,Tablet,Australia,Social Media,1,0,0,0,0,0
session_201,user_1028,Desktop,USA,Google,1,1,1,1,1,1
session_2010,user_1377,Tablet,UK,Email,1,1,1,1,1,1
session_2011,user_2231,Mobile,India,Social Media,1,1,0,0,0,0
session_2012,user_1302,Tablet,UK,Direct,1,1,0,0,0,0
session_2013,user_2103,Desktop,Australia,Social Media,1,1,0,0,0,0
session_2014,user_2272,Mobile,France,Social Media,1,1,0,0,0,0
session_2015,user_1257,Mobile,France,Direct,1,1,0,0,0,0
session_2016,user_1659,Tablet,Germany,Google,1,0,0,0,0,0
session_2017,user_1411,Tablet,India,Google,1,1,0,0,0,0
session_2018,user_2092,Mobile,India,Google,1,1,1,1,1,1
session_2019,user_2413,Desktop,UK,Google,1,0,0,0,0,0
session_202,user_1580,Tablet,India,Google,1,1,1,1,1,1
session_2020,user_2527,Mobile,Germany,Direct,1,0,0,0,0,0
session_2021,user_1448,Mobile,Canada,Email,1,0,0,0,0,0
session_2022,user_1184,Tablet,India,Email,1,1,0,0,0,0
session_2023,user_1918,Tablet,India,Email,1,0,0,0,0,0
session_2024,user_2122,Desktop,Germany,Email,1,1,0,0,0,0
session_2025,user_2222,Desktop,Germany,Email,1,1,0,0,0,0
session_2026,user_1387,Tablet,UK,Direct,1,1,0,0,0,0
session_2027,user_2274,Tablet,India,Direct,1,1,0,0,0,0
session_2028,user_2355,Tablet,Canada,Social Media,1,1,1,0,0,0
session_2029,user_1031,Tablet,Australia,Email,1,0,0,0,0,0
session_203,user_1787,Mobile,Canada,Social Media,1,1,1,0,0,0
session_2030,user_2902,Tablet,India,Email,1,1,0,0,0,0
session_2031,user_2502,Desktop,Canada,Direct,1,1,0,0,0,0
session_2032,user_1084,Desktop,Germany,Social Media,1,0,0,0,0,0
session_2033,user_1105,Tablet,Canada,Direct,1,0,0,0,0,0
session_2034,user_2344,Desktop,USA,Email,1,1,1,1,1,1
session_2035,user_1687,Desktop,India,Social Media,1,1,0,0,0,0
session_2036,user_2987,Mobile,Canada,Google,1,0,0,0,0,0
session_2037,user_1319,Desktop,Australia,Direct,1,0,0,0,0,0
session_2038,user_1204,Tablet,France,Social Media,1,1,0,0,0,0
session_2039,user_2487,Mobile,USA,Email,1,1,1,0,0,0
session_204,user_1062,Mobile,Australia,Google,1,1,1,1,1,1
session_2040,user_2711,Tablet,Germany,Direct,1,1,0,0,0,0
session_2041,user_1086,Tablet,UK,Email,1,1,1,1,1,1
session_2042,user_2495,Tablet,Canada,Social Media,1,1,1,1,1,1
session_2043,user_2561,Tablet,UK,Direct,1,1,0,0,0,0
session_2044,user_2533,Desktop,France,Direct,1,1,0,0,0,0
session_2045,user_2753,Tablet,Canada,Direct,1,1,0,0,0,0
session_2046,user_1487,Tablet,Canada,Email,1,0,0,0,0,0
session_2047,user_1400,Mobile,USA,Social Media,1,1,1,0,0,0
session_2048,user_2545,Mobile,France,Direct,1,0,0,0,0,0
session_2049,user_1183,Mobile,France,Direct,1,1,0,0,0,0
session_205,user_2037,Mobile,France,Social Media,1,1,1,1,1,1
session_2050,user_2846,Mobile,Australia,Direct,1,1,1,0,0,0
session_2051,user_1016,Mobile,Australia,Direct,1,0,0,0,0,0
session_2052,user_1398,Tablet,Germany,Email,1,1,0,0,0,0
session_2053,user_2285,Desktop,Australia,Email,1,1,1,1,1,1
session_2054,user_2816,Tablet,India,Google,1,1,0,0,0,0
session_2055,user_1089,Desktop,USA,Google,1,0,0,0,0,0
session_2056,user_1361,Tablet,Australia,Direct,1,0,0,0,0,0
session_2057,user_1602,Desktop,USA,Google,1,1,0,0,0,0
session_2058,user_1757,Tablet,Australia,Direct,1,1,0,0,0,0
session_2059,user_2373,Desktop,Germany,Direct,1,0,0,0,0,0
session_206,user_2902,Mobile,Canada,Email,1,1,1,0,0,0
session_2060,user_1723,Desktop,USA,Email,1,1,0,0,0,0
session_2061,user_2747,Desktop,India,Google,1,1,0,0,0,0
session_2062,user_2053,Mobile,India,Google,1,1,0,0,0,0
session_2063,user_1240,Mobile,India,Direct,1,1,1,1,1,1
session_2064,user_2368,Mobile,Germany,Social Media,1,1,1,1,1,1
session_2065,user_2867,Desktop,UK,Social Media,1,0,0,0,0,0
session_2066,user_1310,Tablet,Canada,Google,1,0,0,0,0,0
session_2067,user_1140,Tablet,UK,Social Media,1,1,1,1,1,1
session_2068,user_2683,Tablet,Australia,Google,1,1,1,1,1,1
session_2069,user_2781,Desktop,Australia,Google,1,0,0,0,0,0
session_207,user_2678,Tablet,India,Google,1,1,0,0,0,0
session_2070,user_2369,Desktop,USA,Google,1,1,1,1,1,1
session_2071,user_1781,Desktop,France,Direct,1,0,0,0,0,0
session_2072,user_1016,Tablet,France,Direct,1,1,0,0,0,0
session_2073,user_1512,Mobile,Germany,Google,1,1,0,0,0,0
session_2074,user_1716,Tablet,Canada,Direct,1,0,0,0,0,0
session_2075,user_2031,Tablet,USA,Direct,1,1,0,0,0,0
session_2076,user_2912,Mobile,Germany,Social Media,1,1,0,0,0,0
session_2077,user_1396,Tablet,Canada,Social Media,1,1,0,0,0,0
session_2078,user_2408,Tablet,France,Email,1,1,0,0,0,0
session_2079,user_2898,Desktop,France,Email,1,1,0,0,0,0
session_208,user_2344,Tablet,UK,Social Media,1,1,0,0,0,0
session_2080,user_1128,Tablet,Germany,Social Media,1,1,0,0,0,0
session_2081,user_1708,Mobile,Australia,Social Media,1,1,0,0,0,0
session_2082,user_1046,Mobile,UK,Social Media,1,1,0,0,0,0
session_2083,user_1475,Mobile,Australia,Direct,1,0,0,0,0,0
session_2084,user_2455,Mobile,France,Google,1,1,1,1,1,1
session_2085,user_1282,Tablet,India,Social Media,1,1,0,0,0,0
session_2086,user_2477,Tablet,France,Email,1,1,0,0,0,0
session_2087,user_1751,Tablet,Canada,Social Media,1,1,0,0,0,0
session_2088,user_2176,Desktop,Canada,Social Media,1,1,0,0,0,0
session_2089,user_1261,Tablet,France,Social Media,1,1,0,0,0,0
session_209,user_2213,Desktop,Canada,Email,1,1,1,1,1,1
session_2090,user_1642,Mobile,USA,Email,1,1,0,0,0,0
session_2091,user_2809,Desktop,India,Direct,1,1,0,0,0,0
session_2092,user_2192,Mobile,Canada,Google,1,0,0,0,0,0
session_2093,user_1970,Desktop,Canada,Social Media,1,1,0,0,0,0
session_2094,user_1520,Tablet,Australia,Social Media,1,1,0,0,0,0
session_2095,user_2732,Tablet,UK,Direct,1,0,0,0,0,0
session_2096,user_2341,Desktop,Germany,Email,1,1,1,0,0,0
session_2097,user_2837,Mobile,India,Direct,1,0,0,0,0,0
session_2098,user_2498,Desktop,Canada,Email,1,1,0,0,0,0
session_2099,user_2105,Mobile,Australia,Google,1,0,0,0,0,0
session_21,user_2035,Tablet,Australia,Google,1,1,0,0,0,0
session_210,user_1409,Mobile,USA,Google,1,1,1,1,1,1
session_2100,user_2460,Tablet,Canada,Email,1,1,1,0,0,0
session_2101,user_1617,Desktop,UK,Email,1,1,1,1,1,1
session_2102,user_1288,Desktop,Australia,Google,1,1,0,0,0,0
session_2103,user_1139,Tablet,Germany,Social Media,1,1,0,0,0,0
session_2104,user_1884,Tablet,USA,Direct,1,1,0,0,0,0
session_2105,user_2929,Mobile,Germany,Google,1,1,0,0,0,0
session_2106,user_1512,Tablet,India,Direct,1,1,0,0,0,0
session_2107,user_1539,Desktop,USA,Social Media,1,1,0,0,0,0
session_2108,user_1933,Tablet,France,Direct,1,1,1,1,1,1
session_2109,user_2465,Mobile,UK,Google,1,0,0,0,0,0
session_211,user_1179,Mobile,India,Direct,1,1,0,0,0,0
session_2110,user_2045,Desktop,Australia,Email,1,1,0,0,0,0
session_2111,user_1068,Desktop,UK,Social Media,1,0,0,0,0,0
session_2112,user_1945,Tablet,Germany,Direct,1,1,0,0,0,0
session_2113,user_1429,Mobile,France,Social Media,1,0,0,0,0,0
session_2114,user_1924,Tablet,Canada,Direct,1,1,0,0,0,0
session_2115,user_2022,Mobile,USA,Google,1,1,0,0,0,0
session_2116,user_1235,Mobile,Germany,Google,1,1,1,1,1,1
session_2117,user_2604,Tablet,UK,Direct,1,1,0,0,0,0
session_2118,user_1002,Tablet,Germany,Social Media,1,1,1,1,1,1
session_2119,user_2251,Mobile,USA,Google,1,1,1,1,1,1
session_212,user_2008,Desktop,UK,Social Media,1,1,1,1,0,0
session_2120,user_1171,Mobile,Australia,Direct,1,0,0,0,0,0
session_2121,user_3001,Mobile,France,Google,1,1,1,1,1,1
session_2122,user_2045,Mobile,Germany,Social Media,1,1,1,1,1,1
session_2123,user_2637,Tablet,Australia,Direct,1,1,1,1,1,1
session_2124,user_2886,Mobile,India,Direct,1,0,0,0,0,0
session_2125,user_1909,Desktop,UK,Email,1,1,1,0,0,0
session_2126,user_2933,Tablet,UK,Google,1,0,0,0,0,0
session_2127,user_2275,Desktop,USA,Email,1,0,0,0,0,0
session_2128,user_2558,Desktop,Australia,Social Media,1,1,0,0,0,0
session_2129,user_1748,Desktop,Germany,Direct,1,1,0,0,0,0
session_213,user_2980,Mobile,India,Social Media,1,1,0,0,0,0
session_2130,user_1050,Desktop,Germany,Direct,1,1,0,0,0,0
session_2131,user_2639,Tablet,Germany,Direct,1,1,1,1,1,1
session_2132,user_1264,Mobile,Canada,Google,1,1,0,0,0,0
session_2133,user_1677,Mobile,Australia,Direct,1,1,0,0,0,0
session_2134,user_1999,Tablet,Germany,Direct,1,1,0,0,0,0
session_2135,user_2599,Mobile,India,Social Media,1,1,0,0,0,0
session_2136,user_1796,Tablet,France,Google,1,0,0,0,0,0
session_2137,user_2721,Tablet,UK,Social Media,1,1,0,0,0,0
session_2138,user_1026,Desktop,France,Direct,1,1,0,0,0,0
session_2139,user_1543,Mobile,India,Email,1,1,1,1,1,1
session_214,user_2257,Mobile,UK,Email,1,0,0,0,0,0
session_2140,user_1410,Desktop,Australia,Direct,1,1,1,1,1,1
session_2141,user_1511,Desktop,USA,Email,1,1,0,0,0,0
session_2142,user_1260,Desktop,Australia,Google,1,1,0,0,0,0
session_2143,user_1055,Mobile,UK,Email,1,1,1,1,1,1
session_2144,user_1361,Desktop,Germany,Direct,1,1,0,0,0,0
session_2145,user_1089,Mobile,UK,Google,1,1,0,0,0,0
session_2146,user_2700,Desktop,Australia,Social Media,1,0,0,0,0,0
session_2147,user_1552,Tablet,Germany,Social Media,1,0,0,0,0,0
session_2148,user_2228,Desktop,India,Google,1,1,0,0,0,0
session_2149,user_1700,Mobile,USA,Direct,1,1,1,0,0,0
session_215,user_2787,Tablet,Canada,Google,1,1,1,0,0,0
session_2150,user_2684,Desktop,Canada,Social Media,1,1,1,0,0,0
session_2151,user_2718,Mobile,Germany,Direct,1,1,0,0,0,0
session_2152,user_2388,Mobile,Germany,Direct,1,0,0,0,0,0
session_2153,user_1413,Tablet,India,Social Media,1,1,1,1,1,1
session_2154,user_1269,Desktop,France,Email,1,1,1,1,0,0
session_2155,user_2614,Mobile,Germany,Email,1,1,0,0,0,0
session_2156,user_2804,Mobile,Australia,Direct,1,1,0,0,0,0
session_2157,user_1955,Tablet,France,Social Media,1,1,0,0,0,0
session_2158,user_2785,Mobile,India,Google,1,1,0,0,0,0
session_2159,user_1089,Mobile,UK,Direct,1,1,0,0,0,0
session_216,user_1611,Tablet,France,Google,1,1,1,1,1,1
session_2160,user_1342,Desktop,Germany,Direct,1,0,0,0,0,0
session_2161,user_2302,Desktop,Australia,Direct,1,0,0,0,0,0
session_2162,user_2419,Desktop,USA,Direct,1,1,1,1,1,1
session_2163,user_1046,Tablet,Germany,Direct,1,1,0,0,0,0
session_2164,user_1308,Tablet,Australia,Direct,1,0,0,0,0,0
session_2165,user_1190,Mobile,USA,Google,1,0,0,0,0,0
session_2166,user_1949,Tablet,France,Google,1,1,0,0,0,0
session_2167,user_2815,Desktop,Australia,Direct,1,0,0,0,0,0
session_2168,user_2132,Mobile,UK,Google,1,1,0,0,0,0
session_2169,user_2399,Mobile,Canada,Email,1,1,1,1,1,1
session_217,user_1814,Tablet,France,Email,1,1,1,1,1,1
session_2170,user_2353,Mobile,UK,Direct,1,1,1,1,1,1
session_2171,user_2741,Desktop,USA,Social Media,1,1,0,0,0,0
session_2172,user_1091,Tablet,USA,Email,1,1,0,0,0,0
session_2173,user_1924,Tablet,Canada,Direct,1,1,0,0,0,0
session_2174,user_2610,Mobile,UK,Social Media,1,1,1,0,0,0
session_2175,user_2185,Mobile,Germany,Direct,1,1,1,0,0,0
session_2176,user_1496,Mobile,UK,Email,1,0,0,0,0,0
session_2177,user_2348,Desktop,Canada,Google,1,1,0,0,0,0
session_2178,user_1318,Mobile,USA,Direct,1,0,0,0,0,0
session_2179,user_1699,Tablet,Germany,Social Media,1,0,0,0,0,0
session_218,user_2774,Mobile,UK,Email,1,1,0,0,0,0
session_2180,user_1770,Desktop,India,Direct,1,0,0,0,0,0
session_2181,user_2197,Mobile,UK,Google,1,1,0,0,0,0
session_2182,user_1611,Tablet,UK,Direct,1,1,0,0,0,0
session_2183,user_2833,Desktop,Germany,Email,1,1,1,1,1,1
session_2184,user_2037,Mobile,Australia,Google,1,1,0,0,0,0
session_2185,user_2121,Desktop,France,Direct,1,1,1,1,1,1
session_2186,user_2217,Mobile,UK,Email,1,1,0,0,0,0
session_2187,user_1750,Tablet,Australia,Social Media,1,1,1,0,0,0
session_2188,user_2492,Tablet,Canada,Social Media,1,1,0,0,0,0
session_2189,user_2311,Desktop,France,Direct,1,0,0,0,0,0
session_219,user_2987,Desktop,Germany,Email,1,1,0,0,0,0
session_2190,user_2888,Tablet,Canada,Direct,1,1,1,1,1,1
session_2191,user_2817,Desktop,Australia,Google,1,1,0,0,0,0
session_2192,user_2675,Tablet,France,Google,1,1,1,0,0,0
session_2193,user_2156,Desktop,France,Direct,1,1,0,0,0,0
session_2194,user_1045,Mobile,Canada,Google,1,1,0,0,0,0
session_2195,user_1893,Desktop,UK,Direct,1,1,0,0,0,0
session_2196,user_2726,Mobile,Australia,Google,1,1,0,0,0,0
session_2197,user_2915,Desktop,Germany,Social Media,1,1,0,0,0,0
session_2198,user_2759,Mobile,France,Direct,1,1,0,0,0,0
session_2199,user_2271,Desktop,France,Social Media,1,0,0,0,0,0
session_22,user_2046,Desktop,UK,Social Media,1,0,0,0,0,0
session_220,user_1827,Mobile,UK,Social Media,1,1,0,0,0,0
session_2200,user_2426,Tablet,Australia,Email,1,1,0,0,0,0
session_2201,user_1658,Mobile,UK,Google,1,1,0,0,0,0
session_2202,user_2121,Desktop,UK,Google,1,0,0,0,0,0
session_2203,user_1041,Desktop,France,Direct,1,1,1,0,0,0
session_2204,user_1883,Tablet,France,Email,1,1,1,1,1,1
session_2205,user_2550,Tablet,Australia,Google,1,1,0,0,0,0
session_2206,user_1775,Tablet,Germany,Email,1,1,0,0,0,0
session_2207,user_2363,Mobile,USA,Google,1,1,0,0,0,0
session_2208,user_1624,Desktop,Australia,Google,1,1,1,1,1,1
session_2209,user_1560,Tablet,France,Google,1,0,0,0,0,0
session_221,user_2130,Desktop,Canada,Google,1,1,0,0,0,0
session_2210,user_1201,Desktop,Germany,Direct,1,0,0,0,0,0
session_2211,user_1362,Tablet,USA,Email,1,1,0,0,0,0
session_2212,user_1347,Desktop,France,Social Media,1,1,1,1,1,1
session_2213,user_2978,Tablet,UK,Email,1,1,0,0,0,0
session_2214,user_2736,Mobile,Canada,Google,1,1,0,0,0,0
session_2215,user_1928,Mobile,Canada,Social Media,1,1,1,0,0,0
session_2216,user_2113,Desktop,Canada,Direct,1,1,1,1,1,1
session_2217,user_1691,Desktop,India,Social Media,1,1,1,1,1,1
session_2218,user_2619,Desktop,Australia,Social Media,1,0,0,0,0,0
session_2219,user_1225,Desktop,Australia,Direct,1,1,1,1,1,1
session_222,user_1105,Mobile,France,Email,1,0,0,0,0,0
session_2220,user_1685,Desktop,Germany,Direct,1,1,0,0,0,0
session_2221,user_1367,Mobile,India,Direct,1,1,0,0,0,0
session_2222,user_1657,Tablet,France,Google,1,1,1,1,1,1
session_2223,user_1116,Mobile,France,Google,1,1,1,1,1,1
session_2224,user_2332,Mobile,Australia,Social Media,1,0,0,0,0,0
session_2225,user_1493,Tablet,UK,Google,1,1,0,0,0,0
session_2226,user_1653,Tablet,USA,Email,1,1,0,0,0,0
session_2227,user_2265,Desktop,Canada,Direct,1,1,1,1,1,1
session_2228,user_2312,Desktop,UK,Email,1,1,1,0,0,0
session_2229,user_1508,Tablet,Canada,Google,1,1,1,1,1,1
session_223,user_2739,Desktop,UK,Google,1,0,0,0,0,0
session_2230,user_1532,Mobile,Australia,Direct,1,1,1,0,0,0
session_2231,user_1967,Mobile,France,Google,1,1,0,0,0,0
session_2232,user_1260,Mobile,USA,Google,1,0,0,0,0,0
session_2233,user_1539,Mobile,Canada,Email,1,1,0,0,0,0
session_2234,user_1274,Tablet,UK,Email,1,0,0,0,0,0
session_2235,user_2682,Tablet,Australia,Google,1,1,0,0,0,0
session_2236,user_2585,Tablet,Canada,Social Media,1,1,0,0,0,0
session_2237,user_2022,Desktop,India,Email,1,1,0,0,0,0
session_2238,user_1579,Tablet,Canada,Google,1,1,0,0,0,0
session_2239,user_1425,Tablet,UK,Social Media,1,0,0,0,0,0
session_224,user_1644,Desktop,Australia,Social Media,1,0,0,0,0,0
session_2240,user_1761,Desktop,Australia,Email,1,1,1,1,1,1
session_2241,user_1660,Tablet,Canada,Google,1,1,1,1,1,1
session_2242,user_2683,Mobile,France,Direct,1,1,0,0,0,0
session_2243,user_1759,Mobile,UK,Email,1,1,1,1,1,1
session_2244,user_2942,Tablet,Australia,Direct,1,1,0,0,0,0
session_2245,user_1834,Tablet,Australia,Google,1,1,1,0,0,0
session_2246,user_2925,Desktop,Australia,Google,1,1,0,0,0,0
session_2247,user_1301,Mobile,India,Social Media,1,1,0,0,0,0
session_2248,user_1387,Tablet,Canada,Email,1,1,1,1,1,1
session_2249,user_1074,Tablet,India,Email,1,0,0,0,0,0
session_225,user_1845,Desktop,Australia,Direct,1,1,1,1,1,1
session_2250,user_2102,Mobile,Canada,Social Media,1,1,0,0,0,0
session_2251,user_2110,Desktop,Canada,Direct,1,1,1,1,1,1
session_2252,user_2650,Desktop,Germany,Direct,1,1,1,1,1,1
session_2253,user_2774,Desktop,USA,Direct,1,0,0,0,0,0
session_2254,user_1327,Tablet,France,Direct,1,1,0,0,0,0
session_2255,user_1058,Desktop,Germany,Direct,1,1,0,0,0,0
session_2256,user_2949,Tablet,USA,Google,1,0,0,0,0,0
session_2257,user_2701,Desktop,Germany,Email,1,1,0,0,0,0
session_2258,user_2481,Desktop,UK,Direct,1,1,1,1,1,1
session_2259,user_1941,Desktop,France,Direct,1,0,0,0,0,0
session_226,user_1715,Tablet,India,Social Media,1,1,0,0,0,0
session_2260,user_2452,Desktop,UK,Google,1,1,0,0,0,0
session_2261,user_1630,Tablet,France,Direct,1,1,0,0,0,0
session_2262,user_2790,Mobile,France,Direct,1,1,1,1,1,1
session_2263,user_2885,Tablet,USA,Email,1,0,0,0,0,0
session_2264,user_1085,Desktop,Canada,Direct,1,1,0,0,0,0
session_2265,user_1989,Desktop,UK,Email,1,0,0,0,0,0
session_2266,user_2796,Mobile,Australia,Google,1,1,1,1,1,1
session_2267,user_1055,Mobile,France,Direct,1,1,0,0,0,0
session_2268,user_1008,Mobile,Australia,Email,1,1,0,0,0,0
session_2269,user_1070,Mobile,Australia,Social Media,1,1,1,1,1,1
session_227,user_2505,Mobile,USA,Direct,1,1,0,0,0,0
session_2270,user_1892,Tablet,France,Email,1,1,0,0,0,0
session_2271,user_1716,Mobile,Germany,Social Media,1,0,0,0,0,0
session_2272,user_1485,Desktop,Germany,Email,1,1,1,1,1,1
session_2273,user_2878,Desktop,France,Email,1,1,0,0,0,0
session_2274,user_1112,Desktop,UK,Google,1,1,1,1,1,1
session_2275,user_1276,Tablet,Australia,Social Media,1,1,1,1,1,1
session_2276,user_2860,Tablet,Germany,Email,1,1,0,0,0,0
session_2277,user_1465,Desktop,France,Direct,1,1,1,1,1,1
session_2278,user_2869,Tablet,USA,Google,1,1,0,0,0,0
session_2279,user_2091,Desktop,Germany,Direct,1,1,1,1,1,1
session_228,user_1136,Desktop,UK,Google,1,1,0,0,0,0
session_2280,user_1064,Desktop,France,Direct,1,1,0,0,0,0
session_2281,user_2821,Desktop,Australia,Google,1,1,0,0,0,0
session_2282,user_2909,Desktop,France,Direct,1,0,0,0,0,0
session_2283,user_2288,Mobile,India,Direct,1,1,0,0,0,0
session_2284,user_1440,Mobile,USA,Social Media,1,1,1,0,0,0
session_2285,user_1589,Tablet,India,Google,1,1,0,0,0,0
session_2286,user_1162,Desktop,USA,Social Media,1,1,1,1,1,1
session_2287,user_1493,Tablet,Australia,Google,1,0,0,0,0,0
session_2288,user_2364,Tablet,Australia,Google,1,1,1,1,1,1
session_2289,user_1045,Tablet,Germany,Email,1,0,0,0,0,0
session_229,user_2465,Mobile,UK,Social Media,1,0,0,0,0,0
session_2290,user_1862,Mobile,France,Social Media,1,1,0,0,0,0
session_2291,user_2216,Desktop,UK,Social Media,1,1,1,0,0,0
session_2292,user_1721,Mobile,UK,Social Media,1,1,1,1,1,1
session_2293,user_2952,Mobile,Canada,Social Media,1,1,0,0,0,0
session_2294,user_1211,Desktop,UK,Google,1,1,0,0,0,0
session_2295,user_2791,Tablet,Canada,Email,1,1,1,0,0,0
session_2296,user_1617,Mobile,France,Google,1,1,1,1,1,1
session_2297,user_1406,Desktop,Australia,Social Media,1,1,0,0,0,0
session_2298,user_1359,Mobile,India,Google,1,1,0,0,0,0
session_2299,user_1116,Mobile,France,Direct,1,0,0,0,0,0
session_23,user_2546,Tablet,France,Direct,1,1,1,1,1,1
session_230,user_1053,Mobile,France,Direct,1,1,1,1,1,1
session_2300,user_2165,Mobile,UK,Social Media,1,0,0,0,0,0
session_2301,user_1442,Mobile,India,Email,1,1,1,1,1,1
session_2302,user_2512,Desktop,UK,Direct,1,1,0,0,0,0
session_2303,user_1702,Desktop,France,Google,1,1,0,0,0,0
session_2304,user_2860,Tablet,France,Google,1,1,1,1,1,1
session_2305,user_2447,Tablet,USA,Email,1,1,0,0,0,0
session_2306,user_2389,Mobile,USA,Email,1,1,0,0,0,0
session_2307,user_2266,Mobile,UK,Social Media,1,0,0,0,0,0
session_2308,user_1579,Tablet,France,Direct,1,0,0,0,0,0
session_2309,user_1393,Tablet,Germany,Google,1,1,0,0,0,0
session_231,user_2894,Mobile,Germany,Direct,1,0,0,0,0,0
session_2310,user_1627,Mobile,Australia,Social Media,1,1,0,0,0,0
session_2311,user_1947,Tablet,Germany,Social Media,1,1,1,1,1,1
session_2312,user_2182,Desktop,Canada,Email,1,1,0,0,0,0
session_2313,user_2945,Mobile,Australia,Google,1,1,0,0,0,0
session_2314,user_1961,Mobile,Canada,Social Media,1,1,1,1,1,1
session_2315,user_1391,Desktop,UK,Email,1,1,1,0,0,0
session_2316,user_1394,Tablet,Australia,Direct,1,1,0,0,0,0
session_2317,user_2157,Mobile,India,Email,1,1,1,1,1,1
session_2318,user_2206,Desktop,France,Google,1,1,0,0,0,0
session_2319,user_2004,Desktop,Germany,Google,1,1,1,1,1,1
session_232,user_2096,Mobile,Australia,Email,1,0,0,0,0,0
session_2320,user_2331,Tablet,USA,Google,1,1,1,1,1,1
session_2321,user_2103,Desktop,India,Email,1,1,0,0,0,0
session_2322,user_1259,Tablet,USA,Social Media,1,1,1,1,1,1
session_2323,user_2860,Tablet,UK,Google,1,1,0,0,0,0
session_2324,user_1621,Tablet,France,Email,1,1,1,1,1,1
session_2325,user_2058,Tablet,UK,Google,1,1,1,1,1,1
session_2326,user_2756,Tablet,France,Direct,1,0,0,0,0,0
session_2327,user_1268,Desktop,Germany,Email,1,1,1,0,0,0
session_2328,user_1708,Mobile,Canada,Social Media,1,1,0,0,0,0
session_2329,user_2137,Mobile,France,Email,1,1,0,0,0,0
session_233,user_2422,Desktop,Germany,Google,1,0,0,0,0,0
session_2330,user_2285,Tablet,Canada,Email,1,1,0,0,0,0
session_2331,user_2814,Mobile,Canada,Direct,1,1,0,0,0,0
session_2332,user_2160,Mobile,Australia,Social Media,1,0,0,0,0,0
session_2333,user_2655,Tablet,USA,Google,1,1,0,0,0,0
session_2334,user_1185,Desktop,India,Social Media,1,1,1,1,1,1
session_2335,user_2488,Mobile,USA,Email,1,1,0,0,0,0
session_2336,user_2566,Mobile,France,Email,1,1,0,0,0,0
session_2337,user_1770,Mobile,India,Social Media,1,1,1,1,1,1
session_2338,user_2490,Tablet,UK,Social Media,1,1,0,0,0,0
session_2339,user_2192,Desktop,Canada,Direct,1,1,1,0,0,0
session_234,user_2075,Tablet,UK,Direct,1,0,0,0,0,0
session_2340,user_1461,Tablet,Canada,Google,1,1,1,0,0,0
session_2341,user_1592,Desktop,USA,Social Media,1,1,0,0,0,0
session_2342,user_2110,Tablet,Germany,Direct,1,0,0,0,0,0
session_2343,user_1591,Tablet,Germany,Direct,1,1,0,0,0,0
session_2344,user_1012,Mobile,USA,Social Media,1,0,0,0,0,0
session_2345,user_1133,Mobile,Canada,Email,1,1,0,0,0,0
session_2346,user_1763,Desktop,USA,Social Media,1,1,0,0,0,0
session_2347,user_2271,Mobile,India,Google,1,1,0,0,0,0
session_2348,user_1622,Desktop,Australia,Direct,1,1,1,1,1,1
session_2349,user_2904,Desktop,UK,Email,1,1,0,0,0,0
session_235,user_1064,Tablet,India,Social Media,1,1,0,0,0,0
session_2350,user_1351,Mobile,India,Email,1,1,0,0,0,0
session_2351,user_2832,Tablet,Canada,Google,1,1,1,1,1,1
session_2352,user_1380,Tablet,Canada,Direct,1,1,0,0,0,0
session_2353,user_2564,Mobile,Canada,Email,1,0,0,0,0,0
session_2354,user_1950,Desktop,France,Email,1,1,0,0,0,0
session_2355,user_1288,Desktop,France,Direct,1,1,0,0,0,0
session_2356,user_2366,Desktop,India,Direct,1,0,0,0,0,0
session_2357,user_1446,Desktop,India,Social Media,1,1,0,0,0,0
session_2358,user_1458,Tablet,Canada,Social Media,1,1,0,0,0,0
session_2359,user_2756,Desktop,India,Google,1,1,0,0,0,0
session_236,user_1611,Mobile,USA,Google,1,1,0,0,0,0
session_2360,user_2151,Desktop,USA,Email,1,1,0,0,0,0
session_2361,user_1022,Mobile,Canada,Direct,1,1,0,0,0,0
session_2362,user_2948,Mobile,Canada,Direct,1,1,0,0,0,0
session_2363,user_2534,Mobile,UK,Google,1,1,0,0,0,0
session_2364,user_2295,Tablet,France,Direct,1,1,0,0,0,0
session_2365,user_1942,Mobile,India,Email,1,1,1,1,1,1
session_2366,user_2529,Desktop,Australia,Google,1,1,1,0,0,0
session_2367,user_1630,Tablet,France,Google,1,1,0,0,0,0
session_2368,user_2418,Mobile,Germany,Google,1,0,0,0,0,0
session_2369,user_1645,Tablet,USA,Direct,1,1,0,0,0,0
session_237,user_2354,Tablet,UK,Google,1,1,0,0,0,0
session_2370,user_1910,Desktop,Germany,Email,1,1,0,0,0,0
session_2371,user_2602,Tablet,Australia,Email,1,1,1,0,0,0
session_2372,user_2515,Desktop,Germany,Email,1,1,1,1,1,1
session_2373,user_2511,Desktop,India,Social Media,1,0,0,0,0,0
session_2374,user_2151,Desktop,Australia,Email,1,1,0,0,0,0
session_2375,user_2222,Desktop,Germany,Social Media,1,1,1,1,1,1
session_2376,user_1974,Tablet,India,Google,1,1,0,0,0,0
session_2377,user_1295,Mobile,France,Email,1,1,0,0,0,0
session_2378,user_2453,Tablet,USA,Social Media,1,1,0,0,0,0
session_2379,user_1928,Desktop,USA,Social Media,1,0,0,0,0,0
session_238,user_1429,Tablet,Germany,Social Media,1,1,1,0,0,0
session_2380,user_2888,Tablet,Australia,Email,1,1,0,0,0,0
session_2381,user_1569,Tablet,USA,Email,1,1,1,1,1,1
session_2382,user_2204,Tablet,Australia,Social Media,1,1,1,1,1,1
session_2383,user_2316,Mobile,USA,Direct,1,0,0,0,0,0
session_2384,user_1070,Desktop,Canada,Email,1,1,0,0,0,0
session_2385,user_2997,Mobile,UK,Social Media,1,1,0,0,0,0
session_2386,user_1157,Desktop,France,Google,1,1,0,0,0,0
session_2387,user_2794,Mobile,Germany,Google,1,1,0,0,0,0
session_2388,user_2634,Mobile,UK,Direct,1,1,1,1,1,1
session_2389,user_1606,Tablet,Canada,Direct,1,1,1,0,0,0
session_239,user_1652,Mobile,UK,Social Media,1,0,0,0,0,0
session_2390,user_2105,Tablet,Canada,Email,1,1,0,0,0,0
session_2391,user_1798,Mobile,Canada,Social Media,1,1,0,0,0,0
session_2392,user_2578,Mobile,UK,Email,1,1,0,0,0,0
session_2393,user_2527,Mobile,Australia,Social Media,1,0,0,0,0,0
session_2394,user_2184,Mobile,Australia,Email,1,1,1,1,1,1
session_2395,user_1778,Tablet,Germany,Social Media,1,1,1,1,1,1
session_2396,user_1224,Desktop,India,Social Media,1,0,0,0,0,0
session_2397,user_1828,Desktop,Germany,Google,1,0,0,0,0,0
session_2398,user_1124,Tablet,USA,Social Media,1,1,0,0,0,0
session_2399,user_2961,Mobile,Germany,Google,1,1,1,0,0,0
session_24,user_2666,Desktop,France,Google,1,1,0,0,0,0
session_240,user_1400,Mobile,India,Google,1,1,0,0,0,0
session_2400,user_1831,Desktop,Germany,Direct,1,0,0,0,0,0
session_2401,user_2018,Tablet,USA,Google,1,1,1,1,1,1
session_2402,user_2955,Tablet,Canada,Social Media,1,1,0,0,0,0
session_2403,user_2504,Mobile,Germany,Direct,1,0,0,0,0,0
session_2404,user_2965,Desktop,Canada,Direct,1,1,0,0,0,0
session_2405,user_1983,Mobile,Germany,Email,1,1,0,0,0,0
session_2406,user_1255,Mobile,Canada,Email,1,1,0,0,0,0
session_2407,user_2468,Desktop,India,Direct,1,1,1,1,1,1
session_2408,user_2143,Mobile,Canada,Social Media,1,1,1,1,1,1
session_2409,user_1820,Tablet,Canada,Email,1,0,0,0,0,0
session_241,user_2055,Tablet,UK,Google,1,1,0,0,0,0
session_2410,user_1372,Tablet,France,Google,1,1,1,1,1,1
session_2411,user_1599,Desktop,France,Social Media,1,1,0,0,0,0
session_2412,user_2514,Desktop,Australia,Direct,1,1,0,0,0,0
session_2413,user_1625,Desktop,USA,Email,1,1,1,1,1,1
session_2414,user_2512,Desktop,India,Email,1,1,1,1,1,1
session_2415,user_2380,Tablet,India,Google,1,0,0,0,0,0
session_2416,user_1042,Mobile,India,Google,1,1,1,1,1,1
session_2417,user_1868,Tablet,France,Social Media,1,1,1,1,1,1
session_2418,user_2258,Mobile,USA,Direct,1,1,0,0,0,0
session_2419,user_1133,Desktop,USA,Social Media,1,0,0,0,0,0
session_242,user_2239,Desktop,UK,Email,1,1,1,1,1,1
session_2420,user_2591,Desktop,Canada,Email,1,1,1,1,1,1
session_2421,user_1618,Mobile,India,Social Media,1,1,0,0,0,0
session_2422,user_1500,Mobile,India,Google,1,1,0,0,0,0
session_2423,user_1964,Tablet,USA,Google,1,1,0,0,0,0
session_2424,user_1107,Desktop,USA,Direct,1,1,1,1,1,1
session_2425,user_1289,Desktop,UK,Google,1,1,1,0,0,0
session_2426,user_2457,Tablet,Australia,Google,1,0,0,0,0,0
session_2427,user_2293,Mobile,Germany,Email,1,1,1,1,1,1
session_2428,user_2778,Mobile,Australia,Social Media,1,1,1,0,0,0
session_2429,user_1478,Tablet,USA,Google,1,1,0,0,0,0
session_243,user_2150,Desktop,Germany,Social Media,1,1,0,0,0,0
session_2430,user_1935,Tablet,Canada,Direct,1,1,0,0,0,0
session_2431,user_1860,Desktop,Canada,Email,1,1,0,0,0,0
session_2432,user_2972,Mobile,USA,Social Media,1,1,0,0,0,0
session_2433,user_2582,Mobile,USA,Social Media,1,1,1,0,0,0
session_2434,user_2366,Tablet,Germany,Google,1,0,0,0,0,0
session_2435,user_1384,Mobile,Australia,Social Media,1,0,0,0,0,0
session_2436,user_2957,Mobile,France,Social Media,1,0,0,0,0,0
session_2437,user_2232,Tablet,India,Direct,1,1,1,0,0,0
session_2438,user_2687,Tablet,France,Email,1,0,0,0,0,0
session_2439,user_1610,Desktop,USA,Google,1,0,0,0,0,0
session_244,user_2719,Desktop,USA,Direct,1,1,0,0,0,0
session_2440,user_1783,Mobile,Australia,Google,1,1,0,0,0,0
session_2441,user_2043,Mobile,France,Email,1,1,1,0,0,0
session_2442,user_2570,Mobile,Germany,Direct,1,1,0,0,0,0
session_2443,user_1885,Mobile,Canada,Email,1,0,0,0,0,0
session_2444,user_2914,Tablet,Canada,Email,1,0,0,0,0,0
session_2445,user_1850,Tablet,UK,Social Media,1,0,0,0,0,0
session_2446,user_1136,Tablet,France,Direct,1,0,0,0,0,0
session_2447,user_1837,Mobile,UK,Google,1,0,0,0,0,0
session_2448,user_2906,Desktop,India,Direct,1,1,0,0,0,0
session_2449,user_1605,Mobile,Canada,Email,1,1,1,0,0,0
session_245,user_1643,Tablet,France,Google,1,1,0,0,0,0
session_2450,user_2584,Tablet,Australia,Direct,1,1,1,1,0,0
session_2451,user_2957,Mobile,Germany,Direct,1,1,1,1,0,0
session_2452,user_1519,Mobile,Australia,Email,1,1,1,1,1,1
session_2453,user_1440,Mobile,USA,Direct,1,0,0,0,0,0
session_2454,user_2384,Mobile,Germany,Direct,1,1,0,0,0,0
session_2455,user_1965,Desktop,UK,Social Media,1,1,0,0,0,0
session_2456,user_2208,Tablet,UK,Google,1,1,1,1,1,1
session_2457,user_2459,Desktop,Australia,Email,1,1,0,0,0,0
session_2458,user_2762,Desktop,Canada,Direct,1,0,0,0,0,0
session_2459,user_1147,Desktop,India,Direct,1,1,0,0,0,0
session_246,user_2239,Tablet,Germany,Email,1,1,0,0,0,0
session_2460,user_1253,Tablet,UK,Email,1,1,0,0,0,0
session_2461,user_1433,Desktop,India,Direct,1,0,0,0,0,0
session_2462,user_2232,Desktop,Germany,Google,1,1,0,0,0,0
session_2463,user_2128,Tablet,Australia,Social Media,1,1,0,0,0,0
session_2464,user_1202,Desktop,UK,Direct,1,0,0,0,0,0
session_2465,user_2472,Tablet,UK,Google,1,1,0,0,0,0
session_2466,user_1432,Mobile,UK,Social Media,1,0,0,0,0,0
session_2467,user_2910,Desktop,USA,Google,1,1,0,0,0,0
session_2468,user_2733,Desktop,Canada,Email,1,1,1,1,1,1
session_2469,user_1919,Tablet,Canada,Direct,1,1,0,0,0,0
session_247,user_1171,Tablet,Canada,Social Media,1,1,1,0,0,0
session_2470,user_2756,Tablet,UK,Direct,1,1,1,1,1,1
session_2471,user_2812,Tablet,India,Social Media,1,1,0,0,0,0
session_2472,user_1494,Mobile,UK,Google,1,1,1,1,1,1
session_2473,user_2543,Desktop,Australia,Google,1,1,1,1,1,1
session_2474,user_1270,Desktop,UK,Direct,1,1,0,0,0,0
session_2475,user_2896,Mobile,India,Social Media,1,1,0,0,0,0
session_2476,user_1895,Desktop,UK,Google,1,1,0,0,0,0
session_2477,user_1293,Tablet,UK,Email,1,1,1,1,1,1
session_2478,user_2543,Tablet,India,Google,1,0,0,0,0,0
session_2479,user_2031,Tablet,Australia,Direct,1,1,0,0,0,0
session_248,user_1611,Mobile,Canada,Direct,1,0,0,0,0,0
session_2480,user_2685,Tablet,India,Email,1,1,0,0,0,0
session_2481,user_2344,Mobile,Australia,Email,1,1,0,0,0,0
session_2482,user_1284,Tablet,India,Email,1,1,0,0,0,0
session_2483,user_1985,Mobile,UK,Google,1,1,0,0,0,0
session_2484,user_2923,Tablet,Canada,Social Media,1,1,0,0,0,0
session_2485,user_2870,Mobile,Germany,Email,1,0,0,0,0,0
session_2486,user_2454,Tablet,Canada,Social Media,1,1,0,0,0,0
session_2487,user_2657,Desktop,Canada,Social Media,1,1,1,0,0,0
session_2488,user_1760,Tablet,UK,Direct,1,1,1,1,1,1
session_2489,user_1196,Mobile,UK,Social Media,1,1,1,1,1,1
session_249,user_1430,Mobile,UK,Direct,1,1,0,0,0,0
session_2490,user_2846,Desktop,Canada,Google,1,1,0,0,0,0
session_2491,user_2974,Tablet,Germany,Social Media,1,1,0,0,0,0
session_2492,user_2043,Desktop,France,Social Media,1,1,1,0,0,0
session_2493,user_1897,Desktop,UK,Direct,1,1,1,0,0,0
session_2494,user_2621,Desktop,USA,Direct,1,1,1,0,0,0
session_2495,user_1944,Desktop,UK,Google,1,0,0,0,0,0
session_2496,user_2175,Tablet,India,Email,1,1,1,1,1,1
session_2497,user_1066,Desktop,Australia,Direct,1,1,0,0,0,0
session_2498,user_1585,Mobile,Canada,Google,1,1,1,1,1,1
session_2499,user_2837,Tablet,Canada,Google,1,1,0,0,0,0
session_25,user_1143,Tablet,USA,Google,1,1,0,0,0,0
session_250,user_2183,Desktop,France,Social Media,1,1,1,1,1,1
session_2500,user_2301,Tablet,Canada,Social Media,1,1,0,0,0,0
session_2501,user_2317,Mobile,USA,Google,1,1,1,1,0,0
session_2502,user_2006,Desktop,USA,Email,1,1,0,0,0,0
session_2503,user_1609,Desktop,USA,Email,1,1,1,0,0,0
session_2504,user_2634,Mobile,Germany,Direct,1,0,0,0,0,0
session_2505,user_2423,Tablet,UK,Google,1,1,0,0,0,0
session_2506,user_2391,Desktop,Germany,Social Media,1,1,1,1,1,1
session_2507,user_2940,Tablet,Germany,Email,1,0,0,0,0,0
session_2508,user_2026,Desktop,Australia,Google,1,0,0,0,0,0
session_2509,user_2322,Tablet,Germany,Social Media,1,0,0,0,0,0
session_251,user_2069,Desktop,Australia,Direct,1,0,0,0,0,0
session_2510,user_2989,Tablet,Germany,Google,1,1,1,1,1,1
session_2511,user_2219,Desktop,India,Direct,1,1,0,0,0,0
session_2512,user_2585,Mobile,India,Direct,1,0,0,0,0,0
session_2513,user_2123,Mobile,India,Social Media,1,1,1,1,1,1
session_2514,user_1848,Mobile,Germany,Google,1,1,1,1,1,1
session_2515,user_1754,Desktop,Canada,Email,1,1,0,0,0,0
session_2516,user_2236,Tablet,Australia,Google,1,0,0,0,0,0
session_2517,user_1818,Mobile,Canada,Direct,1,0,0,0,0,0
session_2518,user_1071,Tablet,UK,Direct,1,1,1,0,0,0
session_2519,user_2126,Mobile,Canada,Email,1,1,0,0,0,0
session_252,user_2257,Mobile,Canada,Google,1,1,1,1,1,1
session_2520,user_1618,Desktop,Germany,Direct,1,1,0,0,0,0
session_2521,user_2842,Mobile,Germany,Social Media,1,1,1,0,0,0
session_2522,user_2223,Tablet,Canada,Google,1,1,1,1,1,1
session_2523,user_2329,Desktop,India,Google,1,0,0,0,0,0
session_2524,user_1740,Tablet,UK,Email,1,0,0,0,0,0
session_2525,user_2558,Desktop,USA,Google,1,1,0,0,0,0
session_2526,user_2672,Mobile,Germany,Google,1,0,0,0,0,0
session_2527,user_1595,Mobile,India,Social Media,1,1,0,0,0,0
session_2528,user_1185,Desktop,Germany,Google,1,1,0,0,0,0
session_2529,user_2255,Desktop,India,Social Media,1,0,0,0,0,0
session_253,user_2814,Mobile,India,Email,1,1,0,0,0,0
session_2530,user_3000,Tablet,India,Direct,1,1,1,1,1,1
session_2531,user_1540,Tablet,USA,Direct,1,1,1,1,1,1
session_2532,user_1576,Tablet,Canada,Social Media,1,1,0,0,0,0
session_2533,user_2480,Tablet,Germany,Social Media,1,0,0,0,0,0
session_2534,user_2215,Tablet,USA,Google,1,1,0,0,0,0
session_2535,user_2038,Tablet,USA,Social Media,1,1,1,1,0,0
session_2536,user_2230,Mobile,Canada,Email,1,1,1,1,1,1
session_2537,user_1594,Desktop,Germany,Direct,1,1,0,0,0,0
session_2538,user_1595,Tablet,Australia,Email,1,1,1,0,0,0
session_2539,user_2039,Tablet,USA,Social Media,1,1,0,0,0,0
session_254,user_2447,Tablet,India,Social Media,1,1,0,0,0,0
session_2540,user_1479,Desktop,UK,Email,1,1,1,0,0,0
session_2541,user_1448,Tablet,Canada,Social Media,1,1,1,0,0,0
session_2542,user_2937,Desktop,India,Email,1,1,0,0,0,0
session_2543,user_1229,Tablet,Germany,Direct,1,1,1,1,0,0
session_2544,user_2581,Mobile,Canada,Email,1,1,0,0,0,0
session_2545,user_2460,Tablet,UK,Direct,1,1,0,0,0,0
session_2546,user_1376,Mobile,Canada,Email,1,1,1,1,1,1
session_2547,user_1017,Mobile,Canada,Email,1,1,0,0,0,0
session_2548,user_1680,Tablet,UK,Direct,1,0,0,0,0,0
session_2549,user_1079,Desktop,UK,Email,1,1,0,0,0,0
session_255,user_1849,Tablet,France,Google,1,1,1,0,0,0
session_2550,user_1360,Tablet,Australia,Email,1,1,0,0,0,0
session_2551,user_2343,Mobile,USA,Google,1,1,0,0,0,0
session_2552,user_2028,Mobile,India,Direct,1,0,0,0,0,0
session_2553,user_1064,Desktop,USA,Direct,1,0,0,0,0,0
session_2554,user_1850,Mobile,USA,Email,1,1,0,0,0,0
session_2555,user_2244,Desktop,USA,Email,1,1,1,1,1,1
session_2556,user_2401,Mobile,France,Google,1,1,0,0,0,0
session_2557,user_2278,Desktop,UK,Email,1,1,0,0,0,0
session_2558,user_1105,Tablet,France,Email,1,1,1,0,0,0
session_2559,user_1701,Desktop,Australia,Google,1,1,1,0,0,0
session_256,user_2794,Desktop,Canada,Social Media,1,0,0,0,0,0
session_2560,user_2701,Tablet,Australia,Email,1,1,0,0,0,0
session_2561,user_1955,Desktop,Germany,Email,1,1,0,0,0,0
session_2562,user_1487,Tablet,UK,Direct,1,1,1,1,1,1
session_2563,user_2318,Mobile,Australia,Social Media,1,1,1,1,1,1
session_2564,user_1849,Mobile,India,Email,1,1,1,1,1,1
session_2565,user_1363,Desktop,Australia,Direct,1,1,1,0,0,0
session_2566,user_1929,Desktop,Canada,Email,1,1,1,1,1,1
session_2567,user_2628,Tablet,Australia,Direct,1,0,0,0,0,0
session_2568,user_2579,Desktop,UK,Direct,1,1,1,1,1,1
session_2569,user_1487,Desktop,France,Google,1,0,0,0,0,0
session_257,user_1977,Mobile,UK,Social Media,1,1,0,0,0,0
session_2570,user_2176,Tablet,France,Google,1,1,0,0,0,0
session_2571,user_2336,Mobile,Australia,Google,1,1,1,1,1,1
session_2572,user_1387,Desktop,Australia,Email,1,1,1,1,1,1
session_2573,user_2132,Desktop,USA,Google,1,1,1,1,1,1
session_2574,user_2982,Desktop,India,Google,1,1,1,1,1,1
session_2575,user_1138,Mobile,France,Email,1,1,0,0,0,0
session_2576,user_2651,Desktop,USA,Direct,1,1,0,0,0,0
session_2577,user_1942,Mobile,Canada,Social Media,1,0,0,0,0,0
session_2578,user_1237,Mobile,Canada,Direct,1,1,1,0,0,0
session_2579,user_1837,Mobile,UK,Email,1,1,0,0,0,0
session_258,user_2012,Desktop,UK,Direct,1,1,0,0,0,0
session_2580,user_2385,Mobile,France,Social Media,1,1,0,0,0,0
session_2581,user_1831,Mobile,USA,Social Media,1,1,0,0,0,0
session_2582,user_2523,Tablet,France,Direct,1,0,0,0,0,0
session_2583,user_2207,Desktop,Australia,Google,1,1,0,0,0,0
session_2584,user_2592,Desktop,UK,Social Media,1,0,0,0,0,0
session_2585,user_2055,Desktop,Germany,Social Media,1,1,0,0,0,0
session_2586,user_1502,Tablet,Canada,Social Media,1,1,1,1,1,1
session_2587,user_1161,Desktop,Canada,Direct,1,1,0,0,0,0
session_2588,user_2007,Mobile,USA,Email,1,1,1,1,1,1
session_2589,user_1142,Tablet,Germany,Direct,1,1,1,1,1,1
session_259,user_2646,Desktop,USA,Google,1,1,0,0,0,0
session_2590,user_1533,Tablet,USA,Direct,1,0,0,0,0,0
session_2591,user_1835,Tablet,France,Direct,1,1,1,0,0,0
session_2592,user_1558,Tablet,India,Google,1,1,0,0,0,0
session_2593,user_1782,Desktop,UK,Google,1,1,0,0,0,0
session_2594,user_1554,Mobile,USA,Direct,1,1,1,1,1,1
session_2595,user_1525,Mobile,Australia,Social Media,1,1,0,0,0,0
session_2596,user_2467,Desktop,UK,Email,1,1,1,1,1,1
session_2597,user_2874,Desktop,USA,Direct,1,0,0,0,0,0
session_2598,user_1360,Tablet,USA,Direct,1,0,0,0,0,0
session_2599,user_2752,Desktop,India,Direct,1,1,1,1,1,1
session_26,user_2067,Desktop,France,Social Media,1,1,0,0,0,0
session_260,user_1068,Tablet,Australia,Direct,1,1,1,0,0,0
session_2600,user_1723,Desktop,France,Google,1,0,0,0,0,0
session_2601,user_2376,Tablet,India,Social Media,1,1,1,0,0,0
session_2602,user_1453,Tablet,France,Direct,1,1,1,1,1,1
session_2603,user_1739,Desktop,USA,Social Media,1,1,1,1,1,1
session_2604,user_1705,Mobile,France,Direct,1,1,1,1,1,1
session_2605,user_1380,Mobile,India,Email,1,1,1,1,1,1
session_2606,user_2476,Tablet,Australia,Email,1,1,1,1,1,1
session_2607,user_1441,Tablet,Germany,Email,1,1,0,0,0,0
session_2608,user_1210,Mobile,Canada,Google,1,1,1,1,0,0
session_2609,user_2937,Mobile,Germany,Social Media,1,1,0,0,0,0
session_261,user_1668,Mobile,Canada,Email,1,0,0,0,0,0
session_2610,user_2564,Mobile,India,Social Media,1,1,0,0,0,0
session_2611,user_1921,Mobile,Canada,Direct,1,1,1,1,0,0
session_2612,user_2179,Tablet,USA,Direct,1,1,0,0,0,0
session_2613,user_1032,Tablet,India,Google,1,1,0,0,0,0
session_2614,user_2565,Tablet,India,Direct,1,1,1,1,0,0
session_2615,user_1123,Mobile,USA,Social Media,1,1,1,1,1,1
session_2616,user_1504,Mobile,Australia,Direct,1,1,1,1,1,1
session_2617,user_1479,Desktop,USA,Email,1,1,0,0,0,0
session_2618,user_1765,Mobile,France,Email,1,1,0,0,0,0
session_2619,user_2004,Mobile,Germany,Direct,1,1,0,0,0,0
session_262,user_1955,Desktop,Australia,Social Media,1,1,0,0,0,0
session_2620,user_1215,Mobile,USA,Google,1,0,0,0,0,0
session_2621,user_1378,Desktop,India,Direct,1,1,1,1,1,1
session_2622,user_2899,Tablet,India,Social Media,1,0,0,0,0,0
session_2623,user_1772,Tablet,Australia,Direct,1,1,1,1,0,0
session_2624,user_2115,Tablet,India,Google,1,1,0,0,0,0
session_2625,user_1593,Mobile,France,Email,1,1,1,1,1,1
session_2626,user_2859,Mobile,UK,Email,1,1,1,1,1,1
session_2627,user_2261,Mobile,Canada,Email,1,1,0,0,0,0
session_2628,user_2560,Tablet,Germany,Google,1,1,0,0,0,0
session_2629,user_1349,Tablet,France,Google,1,0,0,0,0,0
session_263,user_1882,Tablet,UK,Social Media,1,0,0,0,0,0
session_2630,user_2696,Tablet,India,Social Media,1,1,1,0,0,0
session_2631,user_1423,Tablet,USA,Google,1,0,0,0,0,0
session_2632,user_1911,Mobile,France,Email,1,1,0,0,0,0
session_2633,user_1586,Tablet,France,Social Media,1,1,1,0,0,0
session_2634,user_2260,Tablet,Australia,Social Media,1,1,0,0,0,0
session_2635,user_1017,Desktop,Germany,Social Media,1,1,1,1,1,1
session_2636,user_1805,Tablet,France,Direct,1,1,0,0,0,0
session_2637,user_2645,Tablet,Germany,Direct,1,1,1,1,1,1
session_2638,user_1227,Desktop,Canada,Social Media,1,1,1,1,1,1
session_2639,user_2775,Desktop,UK,Google,1,1,0,0,0,0
session_264,user_1321,Desktop,France,Google,1,1,1,0,0,0
session_2640,user_2272,Desktop,France,Social Media,1,1,0,0,0,0
session_2641,user_2881,Desktop,France,Email,1,1,0,0,0,0
session_2642,user_1754,Tablet,India,Social Media,1,1,0,0,0,0
session_2643,user_2678,Mobile,USA,Social Media,1,1,1,1,1,1
session_2644,user_2931,Mobile,Australia,Social Media,1,0,0,0,0,0
session_2645,user_2170,Desktop,France,Google,1,1,0,0,0,0
session_2646,user_1151,Tablet,Germany,Social Media,1,0,0,0,0,0
session_2647,user_1951,Mobile,France,Social Media,1,1,0,0,0,0
session_2648,user_2691,Tablet,UK,Google,1,0,0,0,0,0
session_2649,user_1376,Desktop,Canada,Direct,1,1,1,1,1,1
session_265,user_1645,Desktop,France,Social Media,1,1,1,0,0,0
session_2650,user_1725,Mobile,France,Social Media,1,1,1,1,1,1
session_2651,user_2903,Mobile,Canada,Google,1,1,1,1,1,1
session_2652,user_2706,Tablet,UK,Google,1,1,1,1,1,1
session_2653,user_1099,Mobile,Germany,Google,1,1,0,0,0,0
session_2654,user_1027,Desktop,UK,Social Media,1,1,1,1,1,1
session_2655,user_2401,Mobile,India,Email,1,1,0,0,0,0
session_2656,user_1796,Tablet,Australia,Email,1,1,1,1,1,1
session_2657,user_1631,Mobile,UK,Email,1,0,0,0,0,0
session_2658,user_1732,Desktop,France,Google,1,1,0,0,0,0
session_2659,user_2475,Tablet,Germany,Direct,1,1,1,0,0,0
session_266,user_1009,Desktop,USA,Social Media,1,1,0,0,0,0
session_2660,user_2519,Desktop,France,Google,1,1,1,1,1,1
session_2661,user_2979,Tablet,France,Google,1,0,0,0,0,0
session_2662,user_2862,Desktop,Australia,Google,1,1,0,0,0,0
session_2663,user_1100,Desktop,UK,Social Media,1,1,0,0,0,0
session_2664,user_2697,Mobile,Germany,Email,1,0,0,0,0,0
session_2665,user_1972,Tablet,France,Social Media,1,1,0,0,0,0
session_2666,user_2182,Mobile,USA,Email,1,1,0,0,0,0
session_2667,user_2454,Tablet,Canada,Email,1,1,0,0,0,0
session_2668,user_2297,Tablet,Canada,Social Media,1,0,0,0,0,0
session_2669,user_1896,Desktop,USA,Social Media,1,1,0,0,0,0
session_267,user_1313,Desktop,Canada,Email,1,1,0,0,0,0
session_2670,user_2419,Desktop,Germany,Email,1,1,1,1,0,0
session_2671,user_2699,Mobile,France,Google,1,0,0,0,0,0
session_2672,user_2171,Tablet,Germany,Email,1,1,1,1,0,0
session_2673,user_1619,Desktop,Germany,Google,1,0,0,0,0,0
session_2674,user_1054,Tablet,India,Social Media,1,1,0,0,0,0
session_2675,user_2208,Desktop,Australia,Social Media,1,1,1,1,1,1
session_2676,user_2236,Tablet,Canada,Direct,1,1,0,0,0,0
session_2677,user_2766,Tablet,Germany,Email,1,1,1,1,1,1
session_2678,user_2201,Mobile,France,Google,1,0,0,0,0,0
session_2679,user_2461,Mobile,UK,Direct,1,1,0,0,0,0
session_268,user_1435,Tablet,France,Google,1,1,0,0,0,0
session_2680,user_2903,Mobile,Canada,Email,1,1,0,0,0,0
session_2681,user_1876,Tablet,France,Email,1,0,0,0,0,0
session_2682,user_2093,Desktop,USA,Direct,1,1,0,0,0,0
session_2683,user_1635,Desktop,UK,Google,1,1,0,0,0,0
session_2684,user_2895,Desktop,Australia,Google,1,0,0,0,0,0
session_2685,user_2205,Tablet,USA,Google,1,1,0,0,0,0
session_2686,user_2698,Mobile,UK,Google,1,1,0,0,0,0
session_2687,user_1472,Mobile,Canada,Social Media,1,1,0,0,0,0
session_2688,user_1850,Tablet,UK,Social Media,1,1,0,0,0,0
session_2689,user_2774,Tablet,India,Direct,1,1,0,0,0,0
session_269,user_1576,Desktop,Germany,Google,1,1,0,0,0,0
session_2690,user_2874,Tablet,Germany,Social Media,1,1,1,1,0,0
session_2691,user_1450,Tablet,France,Google,1,1,0,0,0,0
session_2692,user_2823,Desktop,India,Google,1,1,0,0,0,0
session_2693,user_2202,Mobile,India,Direct,1,1,0,0,0,0
session_2694,user_2497,Tablet,India,Direct,1,1,0,0,0,0
session_2695,user_1049,Desktop,Germany,Direct,1,1,1,1,1,1
session_2696,user_2198,Mobile,France,Google,1,1,1,1,1,1
session_2697,user_1092,Tablet,India,Direct,1,1,0,0,0,0
session_2698,user_2663,Tablet,Canada,Social Media,1,1,1,1,1,1
session_2699,user_1234,Tablet,Australia,Direct,1,1,0,0,0,0
session_27,user_1310,Mobile,Australia,Email,1,0,0,0,0,0
session_270,user_1043,Desktop,Australia,Google,1,1,0,0,0,0
session_2700,user_1496,Mobile,UK,Direct,1,0,0,0,0,0
session_2701,user_1866,Desktop,UK,Direct,1,1,0,0,0,0
session_2702,user_2381,Mobile,India,Direct,1,1,0,0,0,0
session_2703,user_1753,Mobile,Germany,Email,1,1,1,0,0,0
session_2704,user_2039,Mobile,Canada,Email,1,0,0,0,0,0
session_2705,user_1689,Mobile,France,Social Media,1,1,1,0,0,0
session_2706,user_1409,Mobile,UK,Email,1,1,0,0,0,0
session_2707,user_2926,Tablet,Germany,Direct,1,1,1,0,0,0
session_2708,user_2274,Desktop,USA,Direct,1,1,0,0,0,0
session_2709,user_1344,Mobile,Canada,Google,1,1,0,0,0,0
session_271,user_2203,Tablet,Germany,Social Media,1,1,1,0,0,0
session_2710,user_1680,Tablet,USA,Social Media,1,1,0,0,0,0
session_2711,user_1007,Mobile,USA,Social Media,1,1,0,0,0,0
session_2712,user_2115,Mobile,India,Email,1,1,0,0,0,0
session_2713,user_1887,Desktop,France,Email,1,0,0,0,0,0
session_2714,user_2657,Mobile,Germany,Social Media,1,1,0,0,0,0
session_2715,user_2989,Mobile,UK,Email,1,0,0,0,0,0
session_2716,user_2934,Tablet,India,Social Media,1,1,0,0,0,0
session_2717,user_2686,Desktop,Canada,Direct,1,0,0,0,0,0
session_2718,user_1487,Mobile,UK,Social Media,1,1,0,0,0,0
session_2719,user_1290,Mobile,Germany,Email,1,0,0,0,0,0
session_272,user_1186,Mobile,USA,Social Media,1,1,0,0,0,0
session_2720,user_1519,Tablet,India,Direct,1,1,1,1,1,1
session_2721,user_2571,Desktop,Australia,Social Media,1,1,0,0,0,0
session_2722,user_2135,Tablet,Germany,Direct,1,1,1,1,1,1
session_2723,user_1195,Mobile,Canada,Direct,1,0,0,0,0,0
session_2724,user_2062,Tablet,France,Google,1,0,0,0,0,0
session_2725,user_1401,Mobile,Canada,Google,1,1,1,1,1,1
session_2726,user_1689,Mobile,France,Google,1,0,0,0,0,0
session_2727,user_1238,Tablet,UK,Email,1,1,1,0,0,0
session_2728,user_2594,Mobile,Germany,Direct,1,1,0,0,0,0
session_2729,user_2081,Desktop,UK,Direct,1,1,1,0,0,0
session_273,user_1803,Tablet,Germany,Google,1,1,0,0,0,0
session_2730,user_1777,Mobile,UK,Social Media,1,1,0,0,0,0
session_2731,user_2676,Mobile,Canada,Google,1,1,1,1,1,1
session_2732,user_1837,Desktop,Australia,Direct,1,1,0,0,0,0
session_2733,user_1508,Mobile,France,Direct,1,1,0,0,0,0
session_2734,user_1164,Tablet,UK,Direct,1,1,0,0,0,0
session_2735,user_1504,Mobile,UK,Direct,1,0,0,0,0,0
session_2736,user_1962,Mobile,Canada,Social Media,1,1,1,0,0,0
session_2737,user_2471,Desktop,Australia,Social Media,1,1,0,0,0,0
session_2738,user_2428,Tablet,Australia,Social Media,1,1,1,1,1,1
session_2739,user_2143,Tablet,Germany,Google,1,0,0,0,0,0
session_274,user_2649,Desktop,India,Google,1,1,1,0,0,0
session_2740,user_1838,Mobile,France,Social Media,1,1,0,0,0,0
session_2741,user_1961,Mobile,Germany,Email,1,0,0,0,0,0
session_2742,user_1552,Tablet,France,Email,1,1,1,0,0,0
session_2743,user_2895,Desktop,France,Social Media,1,1,1,0,0,0
session_2744,user_1851,Tablet,Canada,Google,1,1,1,1,0,0
session_2745,user_2561,Tablet,Germany,Social Media,1,1,0,0,0,0
session_2746,user_1791,Tablet,UK,Direct,1,1,0,0,0,0
session_2747,user_2334,Tablet,UK,Google,1,0,0,0,0,0
session_2748,user_2785,Desktop,UK,Social Media,1,1,1,0,0,0
session_2749,user_1913,Desktop,Australia,Google,1,1,1,1,1,1
session_275,user_2030,Tablet,India,Email,1,1,1,0,0,0
session_2750,user_2402,Desktop,Canada,Google,1,1,1,1,1,1
session_2751,user_1294,Tablet,Germany,Google,1,0,0,0,0,0
session_2752,user_2506,Tablet,France,Direct,1,1,0,0,0,0
session_2753,user_1335,Mobile,USA,Google,1,1,0,0,0,0
session_2754,user_1407,Tablet,India,Social Media,1,0,0,0,0,0
session_2755,user_2465,Mobile,India,Social Media,1,1,1,0,0,0
session_2756,user_1500,Tablet,Germany,Social Media,1,1,1,0,0,0
session_2757,user_2993,Desktop,France,Email,1,1,1,1,1,1
session_2758,user_1096,Desktop,France,Google,1,1,1,1,0,0
session_2759,user_1884,Mobile,UK,Google,1,1,0,0,0,0
session_276,user_1208,Tablet,Canada,Email,1,1,0,0,0,0
session_2760,user_1931,Desktop,Australia,Google,1,0,0,0,0,0
session_2761,user_1992,Tablet,UK,Social Media,1,0,0,0,0,0
session_2762,user_1753,Desktop,UK,Direct,1,1,1,1,1,1
session_2763,user_2546,Desktop,UK,Direct,1,0,0,0,0,0
session_2764,user_1909,Tablet,Canada,Email,1,0,0,0,0,0
session_2765,user_1185,Desktop,India,Google,1,1,1,1,0,0
session_2766,user_2901,Desktop,Canada,Social Media,1,1,1,1,1,1
session_2767,user_1574,Tablet,USA,Social Media,1,0,0,0,0,0
session_2768,user_1679,Desktop,France,Direct,1,1,1,0,0,0
session_2769,user_1651,Mobile,UK,Direct,1,1,0,0,0,0
session_277,user_1749,Desktop,France,Google,1,1,0,0,0,0
session_2770,user_1009,Mobile,Australia,Social Media,1,0,0,0,0,0
session_2771,user_1417,Tablet,Australia,Social Media,1,1,1,1,1,1
session_2772,user_1050,Desktop,Australia,Social Media,1,1,0,0,0,0
session_2773,user_2559,Mobile,Canada,Google,1,1,0,0,0,0
session_2774,user_1479,Desktop,Canada,Google,1,0,0,0,0,0
session_2775,user_1256,Desktop,UK,Google,1,0,0,0,0,0
session_2776,user_2782,Tablet,Australia,Social Media,1,1,0,0,0,0
session_2777,user_1197,Desktop,Germany,Direct,1,0,0,0,0,0
session_2778,user_2767,Tablet,Germany,Social Media,1,1,0,0,0,0
session_2779,user_2837,Desktop,Germany,Email,1,0,0,0,0,0
session_278,user_2894,Desktop,USA,Email,1,0,0,0,0,0
session_2780,user_1855,Desktop,Canada,Email,1,1,0,0,0,0
session_2781,user_1736,Mobile,Australia,Email,1,1,0,0,0,0
session_2782,user_1863,Desktop,Australia,Email,1,1,1,0,0,0
session_2783,user_1461,Mobile,Germany,Email,1,1,0,0,0,0
session_2784,user_1823,Mobile,UK,Social Media,1,1,0,0,0,0
session_2785,user_2980,Mobile,Germany,Google,1,1,0,0,0,0
session_2786,user_2561,Desktop,UK,Direct,1,1,0,0,0,0
session_2787,user_1182,Mobile,Australia,Google,1,0,0,0,0,0
session_2788,user_2900,Desktop,France,Email,1,1,0,0,0,0
session_2789,user_1178,Tablet,Canada,Email,1,1,0,0,0,0
session_279,user_2152,Tablet,Canada,Email,1,1,1,1,1,1
session_2790,user_1658,Mobile,USA,Direct,1,1,0,0,0,0
session_2791,user_1590,Mobile,UK,Direct,1,1,1,1,1,1
session_2792,user_1109,Tablet,USA,Social Media,1,1,1,1,1,1
session_2793,user_1726,Tablet,USA,Direct,1,1,1,1,1,1
session_2794,user_2227,Mobile,Germany,Google,1,1,0,0,0,0
session_2795,user_1560,Tablet,Germany,Social Media,1,1,1,0,0,0
session_2796,user_2085,Desktop,India,Social Media,1,1,0,0,0,0
session_2797,user_1959,Tablet,France,Email,1,1,0,0,0,0
session_2798,user_1600,Mobile,Canada,Direct,1,1,0,0,0,0
session_2799,user_2438,Tablet,Canada,Direct,1,1,0,0,0,0
session_28,user_1758,Mobile,Germany,Google,1,0,0,0,0,0
session_280,user_2564,Desktop,Canada,Google,1,1,1,1,1,1
session_2800,user_1366,Mobile,Canada,Social Media,1,1,0,0,0,0
session_2801,user_1638,Desktop,USA,Email,1,1,1,0,0,0
session_2802,user_2351,Desktop,Canada,Direct,1,1,0,0,0,0
session_2803,user_1257,Desktop,India,Email,1,1,1,0,0,0
session_2804,user_2778,Tablet,UK,Social Media,1,1,1,1,1,1
session_2805,user_1910,Mobile,UK,Google,1,1,1,1,1,1
session_2806,user_2896,Mobile,Germany,Email,1,0,0,0,0,0
session_2807,user_1996,Desktop,UK,Email,1,1,0,0,0,0
session_2808,user_2142,Mobile,India,Email,1,1,0,0,0,0
session_2809,user_1790,Desktop,India,Email,1,1,1,0,0,0
session_281,user_2699,Desktop,India,Email,1,1,1,0,0,0
session_2810,user_1586,Mobile,India,Google,1,0,0,0,0,0
session_2811,user_1085,Desktop,Canada,Social Media,1,1,0,0,0,0
session_2812,user_1764,Tablet,Germany,Google,1,1,0,0,0,0
session_2813,user_1449,Mobile,Australia,Email,1,1,1,1,1,1
session_2814,user_1330,Tablet,Australia,Direct,1,1,0,0,0,0
session_2815,user_1874,Tablet,Australia,Email,1,1,1,0,0,0
session_2816,user_1295,Tablet,UK,Google,1,1,0,0,0,0
session_2817,user_1351,Tablet,Australia,Social Media,1,1,1,1,1,1
session_2818,user_2116,Mobile,Australia,Email,1,1,0,0,0,0
session_2819,user_1306,Tablet,Germany,Direct,1,1,1,1,1,1
session_282,user_2334,Desktop,France,Direct,1,0,0,0,0,0
session_2820,user_1757,Mobile,France,Email,1,1,0,0,0,0
session_2821,user_1562,Mobile,USA,Google,1,1,0,0,0,0
session_2822,user_2269,Mobile,Australia,Email,1,1,1,0,0,0
session_2823,user_1455,Desktop,USA,Social Media,1,1,0,0,0,0
session_2824,user_1718,Tablet,Germany,Direct,1,1,0,0,0,0
session_2825,user_2338,Mobile,Australia,Google,1,1,1,1,1,1
session_2826,user_2584,Tablet,Australia,Email,1,1,1,1,1,1
session_2827,user_2265,Desktop,Australia,Direct,1,1,1,0,0,0
session_2828,user_1482,Mobile,India,Social Media,1,1,1,1,1,1
session_2829,user_2720,Tablet,USA,Direct,1,0,0,0,0,0
session_283,user_2964,Mobile,Germany,Direct,1,1,0,0,0,0
session_2830,user_1761,Tablet,India,Google,1,1,0,0,0,0
session_2831,user_1686,Tablet,Canada,Google,1,1,1,0,0,0
session_2832,user_2516,Tablet,Canada,Google,1,1,1,0,0,0
session_2833,user_2596,Tablet,India,Social Media,1,1,0,0,0,0
session_2834,user_2094,Tablet,Canada,Direct,1,1,0,0,0,0
session_2835,user_2570,Tablet,Germany,Social Media,1,1,0,0,0,0
session_2836,user_2899,Desktop,USA,Social Media,1,1,0,0,0,0
session_2837,user_1448,Mobile,India,Google,1,0,0,0,0,0
session_2838,user_2890,Desktop,France,Direct,1,1,1,0,0,0
session_2839,user_1200,Mobile,India,Direct,1,1,0,0,0,0
session_284,user_2866,Desktop,France,Direct,1,1,1,1,1,1
session_2840,user_2644,Desktop,India,Email,1,0,0,0,0,0
session_2841,user_2283,Mobile,Germany,Email,1,1,0,0,0,0
session_2842,user_2877,Mobile,France,Social Media,1,1,0,0,0,0
session_2843,user_1612,Tablet,France,Google,1,1,0,0,0,0
session_2844,user_1793,Desktop,Australia,Email,1,1,1,0,0,0
session_2845,user_1883,Desktop,Australia,Social Media,1,0,0,0,0,0
session_2846,user_1385,Desktop,UK,Google,1,0,0,0,0,0
session_2847,user_2023,Mobile,Germany,Direct,1,1,0,0,0,0
session_2848,user_1806,Desktop,France,Social Media,1,1,0,0,0,0
session_2849,user_2308,Mobile,Germany,Social Media,1,1,0,0,0,0
session_285,user_2577,Desktop,UK,Social Media,1,1,0,0,0,0
session_2850,user_2591,Mobile,UK,Social Media,1,1,0,0,0,0
session_2851,user_1461,Mobile,UK,Social Media,1,0,0,0,0,0
session_2852,user_1774,Tablet,Canada,Social Media,1,1,0,0,0,0
session_2853,user_1419,Tablet,UK,Email,1,1,1,0,0,0
session_2854,user_1214,Tablet,Canada,Direct,1,0,0,0,0,0
session_2855,user_1549,Mobile,France,Direct,1,0,0,0,0,0
session_2856,user_1583,Desktop,USA,Email,1,1,0,0,0,0
session_2857,user_1665,Mobile,UK,Social Media,1,1,1,1,1,1
session_2858,user_1035,Desktop,Australia,Direct,1,1,0,0,0,0
session_2859,user_2473,Mobile,Australia,Google,1,1,1,1,1,1
session_286,user_1743,Mobile,Canada,Direct,1,1,1,1,1,1
session_2860,user_2675,Tablet,USA,Email,1,1,0,0,0,0
session_2861,user_1458,Tablet,Germany,Social Media,1,1,0,0,0,0
session_2862,user_2829,Desktop,Australia,Direct,1,0,0,0,0,0
session_2863,user_2676,Mobile,UK,Direct,1,0,0,0,0,0
session_2864,user_1789,Tablet,India,Direct,1,1,1,1,1,1
session_2865,user_1103,Tablet,USA,Email,1,1,0,0,0,0
session_2866,user_1102,Desktop,India,Google,1,1,1,0,0,0
session_2867,user_1631,Mobile,India,Direct,1,1,1,1,0,0
session_2868,user_1817,Tablet,France,Google,1,1,0,0,0,0
session_2869,user_1599,Tablet,Germany,Direct,1,1,0,0,0,0
session_287,user_1429,Desktop,France,Social Media,1,1,0,0,0,0
session_2870,user_2510,Tablet,India,Email,1,1,0,0,0,0
session_2871,user_2060,Tablet,Canada,Social Media,1,1,1,1,0,0
session_2872,user_1862,Mobile,Australia,Google,1,1,0,0,0,0
session_2873,user_2862,Desktop,Canada,Email,1,0,0,0,0,0
session_2874,user_1785,Mobile,Germany,Google,1,1,1,0,0,0
session_2875,user_2486,Mobile,Germany,Email,1,1,1,1,1,1
session_2876,user_2820,Mobile,Canada,Google,1,1,0,0,0,0
session_2877,user_1649,Desktop,France,Direct,1,1,0,0,0,0
session_2878,user_1565,Tablet,Germany,Direct,1,1,1,1,1,1
session_2879,user_1825,Desktop,Canada,Email,1,1,0,0,0,0
session_288,user_1913,Desktop,Canada,Email,1,1,1,0,0,0
session_2880,user_1996,Desktop,UK,Email,1,1,0,0,0,0
session_2881,user_2270,Desktop,USA,Direct,1,0,0,0,0,0
session_2882,user_1702,Desktop,USA,Google,1,1,1,1,1,1
session_2883,user_2640,Mobile,India,Social Media,1,1,0,0,0,0
session_2884,user_1792,Tablet,USA,Email,1,1,1,1,1,1
session_2885,user_1268,Desktop,USA,Direct,1,1,1,1,0,0
session_2886,user_2410,Mobile,USA,Direct,1,0,0,0,0,0
session_2887,user_1124,Tablet,France,Email,1,1,0,0,0,0
session_2888,user_1676,Mobile,India,Google,1,1,0,0,0,0
session_2889,user_1348,Mobile,Australia,Email,1,0,0,0,0,0
session_289,user_2848,Desktop,USA,Direct,1,1,0,0,0,0
session_2890,user_2508,Mobile,Canada,Google,1,1,0,0,0,0
session_2891,user_2249,Desktop,USA,Social Media,1,0,0,0,0,0
session_2892,user_1738,Tablet,Germany,Google,1,1,1,1,1,1
session_2893,user_2135,Desktop,Germany,Google,1,1,1,1,1,1
session_2894,user_1009,Desktop,India,Email,1,0,0,0,0,0
session_2895,user_2232,Desktop,India,Email,1,1,0,0,0,0
session_2896,user_1549,Desktop,UK,Direct,1,1,1,1,0,0
session_2897,user_2596,Mobile,USA,Email,1,1,0,0,0,0
session_2898,user_1133,Mobile,Canada,Email,1,0,0,0,0,0
session_2899,user_1569,Desktop,USA,Direct,1,1,0,0,0,0
session_29,user_2181,Tablet,India,Social Media,1,1,0,0,0,0
session_290,user_1345,Desktop,Canada,Social Media,1,0,0,0,0,0
session_2900,user_1598,Mobile,USA,Email,1,1,0,0,0,0
session_2901,user_2299,Tablet,India,Direct,1,1,0,0,0,0
session_2902,user_2462,Mobile,UK,Social Media,1,1,1,1,1,1
session_2903,user_2651,Desktop,Australia,Direct,1,1,0,0,0,0
session_2904,user_2914,Mobile,France,Social Media,1,1,0,0,0,0
session_2905,user_1923,Mobile,USA,Google,1,0,0,0,0,0
session_2906,user_2490,Mobile,Canada,Direct,1,0,0,0,0,0
session_2907,user_2319,Desktop,UK,Direct,1,1,1,1,1,1
session_2908,user_2826,Desktop,Australia,Social Media,1,0,0,0,0,0
session_2909,user_2639,Tablet,Canada,Email,1,1,1,1,1,1
session_291,user_2948,Tablet,UK,Social Media,1,1,0,0,0,0
session_2910,user_2934,Tablet,France,Social Media,1,1,1,0,0,0
session_2911,user_1201,Desktop,Australia,Social Media,1,0,0,0,0,0
session_2912,user_2292,Tablet,UK,Social Media,1,1,0,0,0,0
session_2913,user_2061,Tablet,USA,Social Media,1,1,0,0,0,0
session_2914,user_2805,Tablet,Germany,Google,1,0,0,0,0,0
session_2915,user_2796,Mobile,France,Email,1,1,0,0,0,0
session_2916,user_1918,Mobile,Canada,Social Media,1,1,0,0,0,0
session_2917,user_1569,Desktop,UK,Direct,1,1,1,0,0,0
session_2918,user_1854,Desktop,France,Google,1,1,1,1,1,1
session_2919,user_2537,Tablet,Germany,Direct,1,1,1,0,0,0
session_292,user_1573,Mobile,Canada,Google,1,0,0,0,0,0
session_2920,user_1562,Desktop,India,Direct,1,0,0,0,0,0
session_2921,user_2139,Mobile,Germany,Social Media,1,0,0,0,0,0
session_2922,user_1001,Desktop,Germany,Google,1,1,1,1,1,1
session_2923,user_2530,Desktop,UK,Email,1,0,0,0,0,0
session_2924,user_2633,Mobile,Australia,Google,1,1,0,0,0,0
session_2925,user_1086,Desktop,India,Email,1,1,0,0,0,0
session_2926,user_1013,Desktop,Germany,Email,1,1,0,0,0,0
session_2927,user_1173,Mobile,France,Direct,1,1,0,0,0,0
session_2928,user_1200,Desktop,France,Email,1,1,0,0,0,0
session_2929,user_2620,Tablet,Canada,Google,1,0,0,0,0,0
session_293,user_1891,Desktop,USA,Social Media,1,0,0,0,0,0
session_2930,user_1360,Desktop,France,Google,1,1,0,0,0,0
session_2931,user_1980,Desktop,UK,Google,1,1,0,0,0,0
session_2932,user_1577,Tablet,Germany,Social Media,1,1,0,0,0,0
session_2933,user_1795,Tablet,USA,Google,1,1,1,1,0,0
session_2934,user_1074,Mobile,Australia,Social Media,1,1,1,1,1,1
session_2935,user_2357,Desktop,Germany,Direct,1,0,0,0,0,0
session_2936,user_1271,Tablet,France,Direct,1,1,0,0,0,0
session_2937,user_1685,Mobile,UK,Direct,1,1,0,0,0,0
session_2938,user_1241,Desktop,Australia,Direct,1,1,0,0,0,0
session_2939,user_2300,Tablet,UK,Social Media,1,1,1,1,1,1
session_294,user_2547,Mobile,France,Email,1,1,0,0,0,0
session_2940,user_2660,Tablet,France,Social Media,1,1,1,0,0,0
session_2941,user_2265,Desktop,USA,Social Media,1,1,1,1,0,0
session_2942,user_2439,Tablet,Australia,Direct,1,0,0,0,0,0
session_2943,user_1002,Mobile,France,Email,1,1,0,0,0,0
session_2944,user_1503,Desktop,USA,Email,1,1,0,0,0,0
session_2945,user_2824,Desktop,Canada,Direct,1,0,0,0,0,0
session_2946,user_2019,Desktop,India,Email,1,1,0,0,0,0
session_2947,user_1907,Desktop,India,Email,1,1,1,1,1,1
session_2948,user_2053,Desktop,UK,Direct,1,1,1,0,0,0
session_2949,user_1024,Mobile,Canada,Email,1,1,0,0,0,0
session_295,user_1874,Mobile,USA,Email,1,1,0,0,0,0
session_2950,user_1609,Tablet,Canada,Social Media,1,1,1,1,1,1
session_2951,user_2446,Desktop,Canada,Direct,1,1,1,0,0,0
session_2952,user_2154,Tablet,USA,Google,1,1,0,0,0,0
session_2953,user_1312,Tablet,Australia,Email,1,1,0,0,0,0
session_2954,user_1673,Desktop,France,Google,1,1,0,0,0,0
session_2955,user_1093,Tablet,UK,Social Media,1,1,0,0,0,0
session_2956,user_2866,Desktop,UK,Social Media,1,1,1,1,1,1
session_2957,user_1606,Mobile,Canada,Direct,1,1,1,1,1,1
session_2958,user_2218,Mobile,Australia,Google,1,0,0,0,0,0
session_2959,user_1674,Tablet,USA,Social Media,1,1,0,0,0,0
session_296,user_1450,Tablet,USA,Social Media,1,1,0,0,0,0
session_2960,user_1680,Desktop,UK,Email,1,1,0,0,0,0
session_2961,user_2848,Tablet,USA,Email,1,0,0,0,0,0
session_2962,user_2556,Desktop,Canada,Email,1,0,0,0,0,0
session_2963,user_2556,Tablet,UK,Email,1,1,1,1,1,1
session_2964,user_1580,Mobile,India,Direct,1,1,1,1,1,1
session_2965,user_1802,Desktop,Australia,Email,1,1,0,0,0,0
session_2966,user_2473,Mobile,USA,Email,1,1,1,0,0,0
session_2967,user_1579,Mobile,Canada,Google,1,1,0,0,0,0
session_2968,user_1341,Mobile,USA,Social Media,1,1,0,0,0,0
session_2969,user_2086,Mobile,Australia,Direct,1,1,0,0,0,0
session_297,user_1666,Tablet,Germany,Email,1,1,1,1,1,1
session_2970,user_1073,Tablet,USA,Email,1,1,1,1,1,1
session_2971,user_1712,Mobile,UK,Direct,1,0,0,0,0,0
session_2972,user_1742,Tablet,UK,Direct,1,1,0,0,0,0
session_2973,user_2770,Desktop,USA,Google,1,1,1,0,0,0
session_2974,user_1314,Mobile,Australia,Direct,1,1,0,0,0,0
session_2975,user_2861,Mobile,India,Email,1,1,0,0,0,0
session_2976,user_1482,Mobile,Canada,Google,1,0,0,0,0,0
session_2977,user_1498,Desktop,Germany,Email,1,1,0,0,0,0
session_2978,user_1203,Desktop,Germany,Direct,1,1,0,0,0,0
session_2979,user_1006,Mobile,Australia,Social Media,1,1,0,0,0,0
session_298,user_2501,Tablet,India,Social Media,1,1,1,1,1,1
session_2980,user_1892,Desktop,France,Google,1,1,1,1,0,0
session_2981,user_1379,Tablet,India,Google,1,1,0,0,0,0
session_2982,user_2672,Tablet,Australia,Email,1,0,0,0,0,0
session_2983,user_2407,Mobile,India,Email,1,1,1,1,1,1
session_2984,user_2415,Desktop,France,Email,1,1,0,0,0,0
session_2985,user_1849,Tablet,Canada,Social Media,1,1,1,1,1,1
session_2986,user_1130,Mobile,USA,Google,1,1,0,0,0,0
session_2987,user_1981,Mobile,UK,Email,1,1,0,0,0,0
session_2988,user_2323,Tablet,India,Google,1,1,0,0,0,0
session_2989,user_2219,Tablet,Canada,Direct,1,0,0,0,0,0
session_299,user_1167,Desktop,UK,Direct,1,1,1,1,1,1
session_2990,user_1087,Desktop,India,Google,1,1,0,0,0,0
session_2991,user_2020,Desktop,UK,Direct,1,1,1,1,1,1
session_2992,user_1176,Tablet,USA,Direct,1,1,0,0,0,0
session_2993,user_1759,Desktop,Germany,Google,1,0,0,0,0,0
session_2994,user_1479,Desktop,Germany,Google,1,0,0,0,0,0
session_2995,user_1920,Desktop,Canada,Direct,1,1,1,0,0,0
session_2996,user_1393,Tablet,USA,Google,1,0,0,0,0,0
session_2997,user_1563,Mobile,France,Direct,1,0,0,0,0,0
session_2998,user_1342,Desktop,UK,Social Media,1,0,0,0,0,0
session_2999,user_2507,Mobile,Australia,Email,1,1,0,0,0,0
session_3,user_2976,Tablet,UK,Google,1,0,0,0,0,0
session_30,user_1114,Tablet,France,Social Media,1,1,0,0,0,0
session_300,user_2761,Tablet,France,Social Media,1,1,0,0,0,0
session_3000,user_2658,Mobile,Canada,Social Media,1,0,0,0,0,0
session_3001,user_1349,Desktop,UK,Google,1,1,1,1,1,1
session_3002,user_1708,Tablet,Canada,Google,1,0,0,0,0,0
session_3003,user_2466,Mobile,UK,Email,1,1,0,0,0,0
session_3004,user_1131,Tablet,Germany,Google,1,1,0,0,0,0
session_3005,user_2747,Desktop,Canada,Direct,1,1,0,0,0,0
session_3006,user_1285,Tablet,India,Google,1,1,0,0,0,0
session_3007,user_1060,Desktop,UK,Google,1,1,1,1,1,1
session_3008,user_2574,Tablet,UK,Social Media,1,1,0,0,0,0
session_3009,user_2534,Tablet,India,Direct,1,1,1,1,1,1
session_301,user_1345,Desktop,India,Direct,1,0,0,0,0,0
session_3010,user_1387,Desktop,France,Google,1,1,1,1,0,0
session_3011,user_2188,Desktop,India,Direct,1,0,0,0,0,0
session_3012,user_1646,Desktop,France,Direct,1,1,1,1,1,1
session_3013,user_2026,Mobile,Germany,Direct,1,1,0,0,0,0
session_3014,user_1278,Tablet,Germany,Email,1,1,0,0,0,0
session_3015,user_2512,Tablet,France,Email,1,1,1,1,1,1
session_3016,user_2696,Tablet,Australia,Direct,1,1,0,0,0,0
session_3017,user_1023,Mobile,USA,Social Media,1,1,0,0,0,0
session_3018,user_2747,Desktop,France,Social Media,1,1,1,1,1,1
session_3019,user_1786,Desktop,France,Email,1,1,1,1,1,1
session_302,user_1747,Tablet,France,Google,1,1,0,0,0,0
session_3020,user_2579,Tablet,UK,Google,1,0,0,0,0,0
session_3021,user_1863,Tablet,Canada,Direct,1,1,0,0,0,0
session_3022,user_2067,Desktop,France,Email,1,1,0,0,0,0
session_3023,user_1383,Desktop,UK,Social Media,1,1,0,0,0,0
session_3024,user_1280,Mobile,Australia,Direct,1,1,0,0,0,0
session_3025,user_1479,Desktop,France,Email,1,1,1,1,1,1
session_3026,user_1572,Tablet,Germany,Email,1,1,1,1,1,1
session_3027,user_1163,Desktop,Canada,Social Media,1,1,0,0,0,0
session_3028,user_2948,Desktop,USA,Google,1,0,0,0,0,0
session_3029,user_2048,Desktop,USA,Email,1,0,0,0,0,0
session_303,user_2225,Tablet,USA,Email,1,1,0,0,0,0
session_3030,user_2543,Desktop,UK,Social Media,1,1,1,1,1,1
session_3031,user_2485,Mobile,UK,Social Media,1,1,0,0,0,0
session_3032,user_2750,Desktop,India,Email,1,0,0,0,0,0
session_3033,user_1948,Mobile,India,Email,1,1,0,0,0,0
session_3034,user_2430,Desktop,India,Google,1,1,0,0,0,0
session_3035,user_1509,Mobile,UK,Google,1,1,0,0,0,0
session_3036,user_2901,Desktop,India,Social Media,1,1,0,0,0,0
session_3037,user_2764,Tablet,Canada,Email,1,1,0,0,0,0
session_3038,user_1127,Tablet,Australia,Email,1,1,1,1,0,0
session_3039,user_1856,Mobile,USA,Social Media,1,1,0,0,0,0
session_304,user_1877,Tablet,Germany,Direct,1,1,1,1,1,1
session_3040,user_2229,Mobile,Canada,Email,1,0,0,0,0,0
session_3041,user_1903,Tablet,Canada,Email,1,0,0,0,0,0
session_3042,user_2604,Mobile,USA,Social Media,1,1,1,1,1,1
session_3043,user_1088,Mobile,Australia,Email,1,1,1,1,1,1
session_3044,user_2297,Mobile,Australia,Email,1,1,0,0,0,0
session_3045,user_2328,Tablet,USA,Email,1,1,1,1,1,1
session_3046,user_2984,Tablet,UK,Google,1,1,0,0,0,0
session_3047,user_2499,Mobile,France,Direct,1,1,1,1,1,1
session_3048,user_1925,Tablet,Germany,Social Media,1,1,0,0,0,0
session_3049,user_1889,Tablet,France,Social Media,1,1,0,0,0,0
session_305,user_2613,Mobile,France,Social Media,1,1,0,0,0,0
session_3050,user_2177,Mobile,Canada,Direct,1,1,0,0,0,0
session_3051,user_1584,Mobile,France,Social Media,1,1,0,0,0,0
session_3052,user_1454,Tablet,USA,Email,1,1,0,0,0,0
session_3053,user_2092,Desktop,Australia,Email,1,1,1,1,1,1
session_3054,user_2287,Desktop,Germany,Google,1,0,0,0,0,0
session_3055,user_2067,Desktop,USA,Google,1,1,0,0,0,0
session_3056,user_2564,Desktop,India,Direct,1,1,1,1,1,1
session_3057,user_1897,Tablet,Germany,Email,1,1,0,0,0,0
session_3058,user_2527,Tablet,Canada,Direct,1,1,0,0,0,0
session_3059,user_2917,Tablet,France,Social Media,1,1,0,0,0,0
session_306,user_2502,Tablet,Australia,Direct,1,0,0,0,0,0
session_3060,user_1319,Mobile,Canada,Social Media,1,0,0,0,0,0
session_3061,user_2127,Tablet,UK,Google,1,0,0,0,0,0
session_3062,user_2707,Mobile,Canada,Direct,1,0,0,0,0,0
session_3063,user_1799,Mobile,UK,Email,1,0,0,0,0,0
session_3064,user_1606,Mobile,UK,Email,1,1,0,0,0,0
session_3065,user_2089,Desktop,USA,Google,1,0,0,0,0,0
session_3066,user_1721,Mobile,Germany,Direct,1,1,0,0,0,0
session_3067,user_2310,Desktop,India,Google,1,1,1,1,1,1
session_3068,user_1350,Desktop,USA,Direct,1,1,1,0,0,0
session_3069,user_1073,Mobile,France,Google,1,1,1,1,1,1
session_307,user_2097,Desktop,UK,Social Media,1,1,0,0,0,0
session_3070,user_2872,Desktop,France,Email,1,1,0,0,0,0
session_3071,user_2640,Mobile,India,Email,1,1,0,0,0,0
session_3072,user_2124,Desktop,France,Google,1,0,0,0,0,0
session_3073,user_1413,Desktop,France,Email,1,1,0,0,0,0
session_3074,user_2922,Mobile,UK,Direct,1,0,0,0,0,0
session_3075,user_2657,Mobile,India,Social Media,1,1,0,0,0,0
session_3076,user_2342,Tablet,Canada,Direct,1,1,1,1,1,1
session_3077,user_2818,Tablet,India,Direct,1,0,0,0,0,0
session_3078,user_2859,Desktop,France,Email,1,1,0,0,0,0
session_3079,user_1630,Desktop,India,Social Media,1,1,0,0,0,0
session_308,user_2673,Tablet,UK,Google,1,0,0,0,0,0
session_3080,user_1209,Tablet,Canada,Direct,1,0,0,0,0,0
session_3081,user_1007,Desktop,Australia,Google,1,1,1,0,0,0
session_3082,user_1131,Desktop,India,Email,1,0,0,0,0,0
session_3083,user_1357,Desktop,UK,Google,1,1,1,1,0,0
session_3084,user_1025,Mobile,Canada,Google,1,1,1,1,1,1
session_3085,user_2919,Mobile,India,Google,1,1,0,0,0,0
session_3086,user_1422,Mobile,France,Google,1,1,0,0,0,0
session_3087,user_2303,Tablet,France,Email,1,1,0,0,0,0
session_3088,user_2704,Mobile,India,Email,1,1,0,0,0,0
session_3089,user_1249,Mobile,Australia,Direct,1,1,1,0,0,0
session_309,user_1565,Mobile,Australia,Social Media,1,1,0,0,0,0
session_3090,user_1167,Desktop,Germany,Social Media,1,0,0,0,0,0
session_3091,user_1845,Tablet,Australia,Direct,1,1,0,0,0,0
session_3092,user_2549,Tablet,France,Direct,1,0,0,0,0,0
session_3093,user_2175,Tablet,Canada,Social Media,1,1,1,0,0,0
session_3094,user_1763,Tablet,France,Social Media,1,1,1,0,0,0
session_3095,user_2362,Desktop,USA,Google,1,1,0,0,0,0
session_3096,user_2317,Mobile,France,Google,1,1,0,0,0,0
session_3097,user_2210,Tablet,Germany,Social Media,1,1,0,0,0,0
session_3098,user_2188,Tablet,India,Direct,1,1,1,0,0,0
session_3099,user_2526,Desktop,France,Direct,1,1,1,0,0,0
session_31,user_2282,Mobile,Germany,Email,1,1,0,0,0,0
session_310,user_1736,Tablet,USA,Social Media,1,1,1,1,1,1
session_3100,user_2734,Mobile,Australia,Google,1,1,1,1,1,1
session_3101,user_2786,Tablet,Canada,Direct,1,0,0,0,0,0
session_3102,user_1950,Desktop,Australia,Social Media,1,0,0,0,0,0
session_3103,user_2690,Desktop,UK,Direct,1,1,1,1,1,1
session_3104,user_1904,Tablet,Australia,Google,1,1,0,0,0,0
session_3105,user_1743,Tablet,Australia,Direct,1,1,1,1,1,1
session_3106,user_2046,Mobile,Australia,Email,1,1,0,0,0,0
session_3107,user_1088,Desktop,India,Direct,1,0,0,0,0,0
session_3108,user_1861,Mobile,Australia,Google,1,1,0,0,0,0
session_3109,user_1329,Tablet,Australia,Direct,1,1,1,1,1,1
session_311,user_1519,Mobile,Australia,Direct,1,1,0,0,0,0
session_3110,user_2318,Tablet,France,Google,1,1,0,0,0,0
session_3111,user_1923,Desktop,France,Direct,1,1,0,0,0,0
session_3112,user_1675,Mobile,Canada,Google,1,1,0,0,0,0
session_3113,user_1722,Desktop,India,Google,1,1,1,1,1,1
session_3114,user_1079,Tablet,France,Social Media,1,1,1,1,0,0
session_3115,user_1542,Mobile,USA,Google,1,0,0,0,0,0
session_3116,user_2717,Tablet,Germany,Social Media,1,1,1,0,0,0
session_3117,user_2157,Mobile,India,Direct,1,1,1,1,1,1
session_3118,user_1131,Tablet,India,Email,1,0,0,0,0,0
session_3119,user_1285,Desktop,France,Google,1,1,0,0,0,0
session_312,user_2966,Desktop,UK,Social Media,1,1,0,0,0,0
session_3120,user_1615,Mobile,Australia,Google,1,1,0,0,0,0
session_3121,user_2174,Desktop,Germany,Email,1,0,0,0,0,0
session_3122,user_2378,Mobile,UK,Direct,1,1,0,0,0,0
session_3123,user_1636,Mobile,UK,Social Media,1,1,0,0,0,0
session_3124,user_2926,Tablet,UK,Social Media,1,1,1,1,1,1
session_3125,user_2491,Tablet,Canada,Direct,1,1,0,0,0,0
session_3126,user_2445,Desktop,Australia,Social Media,1,1,1,1,1,1
session_3127,user_2764,Tablet,Australia,Email,1,1,1,1,1,1
session_3128,user_2728,Tablet,Germany,Social Media,1,1,0,0,0,0
session_3129,user_1011,Tablet,UK,Google,1,1,1,0,0,0
session_313,user_2565,Tablet,Australia,Email,1,1,1,1,1,1
session_3130,user_1120,Desktop,France,Email,1,1,0,0,0,0
session_3131,user_2466,Desktop,France,Google,1,1,1,1,1,1
session_3132,user_2229,Tablet,Australia,Direct,1,1,0,0,0,0
session_3133,user_2959,Tablet,Germany,Email,1,1,1,1,1,1
session_3134,user_1870,Tablet,Canada,Direct,1,1,0,0,0,0
session_3135,user_2796,Tablet,Canada,Social Media,1,1,1,1,0,0
session_3136,user_2145,Tablet,UK,Email,1,0,0,0,0,0
session_3137,user_1630,Desktop,Canada,Social Media,1,1,0,0,0,0
session_3138,user_1715,Tablet,USA,Direct,1,0,0,0,0,0
session_3139,user_2525,Desktop,India,Social Media,1,0,0,0,0,0
session_314,user_1899,Mobile,Australia,Direct,1,1,0,0,0,0
session_3140,user_2203,Mobile,UK,Google,1,1,1,0,0,0
session_3141,user_2511,Desktop,Canada,Google,1,1,0,0,0,0
session_3142,user_1654,Tablet,Canada,Google,1,1,0,0,0,0
session_3143,user_1595,Mobile,France,Direct,1,1,1,0,0,0
session_3144,user_2103,Desktop,France,Email,1,1,1,1,1,1
session_3145,user_1471,Mobile,France,Google,1,1,1,0,0,0
session_3146,user_1008,Mobile,Canada,Social Media,1,1,1,1,1,1
session_3147,user_1864,Mobile,Canada,Direct,1,1,0,0,0,0
session_3148,user_1660,Tablet,UK,Social Media,1,1,1,1,1,1
session_3149,user_1226,Tablet,UK,Direct,1,1,1,1,1,1
session_315,user_2527,Desktop,USA,Direct,1,1,0,0,0,0
session_3150,user_2572,Desktop,Australia,Email,1,0,0,0,0,0
session_3151,user_2460,Tablet,Germany,Email,1,0,0,0,0,0
session_3152,user_2368,Tablet,Germany,Social Media,1,1,0,0,0,0
session_3153,user_2010,Mobile,UK,Google,1,0,0,0,0,0
session_3154,user_2202,Desktop,Australia,Direct,1,1,0,0,0,0
session_3155,user_2118,Tablet,India,Direct,1,1,0,0,0,0
session_3156,user_1450,Desktop,Canada,Social Media,1,0,0,0,0,0
session_3157,user_2012,Mobile,Canada,Google,1,1,1,0,0,0
session_3158,user_1066,Desktop,UK,Email,1,0,0,0,0,0
session_3159,user_1057,Tablet,UK,Direct,1,1,1,0,0,0
session_316,user_2967,Desktop,India,Google,1,1,1,1,1,1
session_3160,user_1230,Mobile,India,Google,1,0,0,0,0,0
session_3161,user_2386,Mobile,Australia,Direct,1,0,0,0,0,0
session_3162,user_2556,Mobile,Canada,Google,1,1,0,0,0,0
session_3163,user_1642,Desktop,Canada,Email,1,0,0,0,0,0
session_3164,user_2864,Desktop,Canada,Email,1,1,0,0,0,0
session_3165,user_2148,Mobile,Canada,Direct,1,1,0,0,0,0
session_3166,user_1927,Desktop,France,Social Media,1,0,0,0,0,0
session_3167,user_2106,Mobile,France,Email,1,1,1,1,1,1
session_3168,user_2504,Desktop,Germany,Email,1,1,0,0,0,0
session_3169,user_1216,Tablet,UK,Google,1,1,0,0,0,0
session_317,user_1341,Tablet,France,Direct,1,1,1,1,1,1
session_3170,user_1611,Mobile,India,Direct,1,1,1,1,1,1
session_3171,user_2994,Mobile,India,Google,1,1,1,0,0,0
session_3172,user_1491,Desktop,France,Direct,1,1,0,0,0,0
session_3173,user_2920,Mobile,Germany,Direct,1,1,0,0,0,0
session_3174,user_2918,Tablet,USA,Social Media,1,1,0,0,0,0
session_3175,user_1341,Desktop,USA,Email,1,1,0,0,0,0
session_3176,user_1874,Mobile,Germany,Google,1,0,0,0,0,0
session_3177,user_2867,Mobile,France,Google,1,1,1,1,1,1
session_3178,user_1400,Desktop,Canada,Direct,1,0,0,0,0,0
session_3179,user_1782,Desktop,UK,Social Media,1,1,1,1,1,1
session_318,user_2355,Tablet,Canada,Direct,1,1,0,0,0,0
session_3180,user_2603,Mobile,France,Email,1,1,0,0,0,0
session_3181,user_2124,Tablet,India,Email,1,1,0,0,0,0
session_3182,user_1383,Desktop,UK,Social Media,1,0,0,0,0,0
session_3183,user_2412,Tablet,India,Google,1,0,0,0,0,0
session_3184,user_1438,Mobile,Germany,Social Media,1,0,0,0,0,0
session_3185,user_1770,Desktop,India,Social Media,1,1,0,0,0,0
session_3186,user_1078,Mobile,India,Direct,1,1,0,0,0,0
session_3187,user_1791,Desktop,UK,Google,1,0,0,0,0,0
session_3188,user_2554,Tablet,USA,Google,1,1,0,0,0,0
session_3189,user_2677,Tablet,Canada,Google,1,1,1,0,0,0
session_319,user_2610,Mobile,France,Direct,1,1,1,1,1,1
session_3190,user_2311,Mobile,Canada,Email,1,1,1,1,1,1
session_3191,user_2881,Mobile,Germany,Direct,1,1,0,0,0,0
session_3192,user_1726,Desktop,India,Email,1,1,0,0,0,0
session_3193,user_2343,Mobile,UK,Email,1,0,0,0,0,0
session_3194,user_1355,Desktop,USA,Direct,1,1,0,0,0,0
session_3195,user_2633,Mobile,Canada,Google,1,0,0,0,0,0
session_3196,user_2641,Desktop,UK,Google,1,1,0,0,0,0
session_3197,user_2705,Tablet,Canada,Social Media,1,1,1,0,0,0
session_3198,user_1328,Mobile,Australia,Email,1,1,1,0,0,0
session_3199,user_1226,Tablet,UK,Email,1,0,0,0,0,0
session_32,user_1995,Desktop,Germany,Email,1,0,0,0,0,0
session_320,user_1160,Desktop,Australia,Google,1,1,0,0,0,0
session_3200,user_2980,Mobile,Australia,Email,1,1,1,0,0,0
session_3201,user_2813,Desktop,Germany,Direct,1,1,0,0,0,0
session_3202,user_2658,Tablet,UK,Social Media,1,1,0,0,0,0
session_3203,user_2275,Mobile,India,Google,1,0,0,0,0,0
session_3204,user_2561,Tablet,France,Google,1,1,1,0,0,0
session_3205,user_2690,Tablet,France,Email,1,1,1,1,1,1
session_3206,user_1315,Mobile,Australia,Email,1,1,0,0,0,0
session_3207,user_1923,Tablet,France,Social Media,1,0,0,0,0,0
session_3208,user_2923,Desktop,India,Direct,1,1,1,0,0,0
session_3209,user_1458,Mobile,UK,Email,1,1,0,0,0,0
session_321,user_1542,Mobile,India,Google,1,1,1,1,1,1
session_3210,user_1954,Tablet,USA,Email,1,0,0,0,0,0
session_3211,user_2623,Desktop,Australia,Email,1,1,0,0,0,0
session_3212,user_2847,Mobile,UK,Social Media,1,0,0,0,0,0
session_3213,user_1695,Desktop,USA,Google,1,1,0,0,0,0
session_3214,user_2193,Mobile,UK,Social Media,1,1,0,0,0,0
session_3215,user_2468,Desktop,France,Direct,1,1,0,0,0,0
session_3216,user_2211,Tablet,Germany,Direct,1,1,0,0,0,0
session_3217,user_1040,Mobile,India,Google,1,1,0,0,0,0
session_3218,user_2562,Tablet,USA,Social Media,1,1,1,0,0,0
session_3219,user_2102,Desktop,India,Email,1,1,0,0,0,0
session_322,user_2395,Tablet,Germany,Google,1,1,0,0,0,0
session_3220,user_1276,Tablet,UK,Email,1,1,1,0,0,0
session_3221,user_2607,Mobile,Canada,Email,1,1,1,1,1,1
session_3222,user_1057,Desktop,Germany,Social Media,1,1,1,1,1,1
session_3223,user_2487,Tablet,India,Direct,1,1,0,0,0,0
session_3224,user_1933,Mobile,Canada,Direct,1,1,0,0,0,0
session_3225,user_2562,Mobile,France,Social Media,1,0,0,0,0,0
session_3226,user_2667,Tablet,Australia,Email,1,1,0,0,0,0
session_3227,user_1806,Mobile,Canada,Google,1,1,0,0,0,0
session_3228,user_1614,Desktop,Australia,Email,1,1,0,0,0,0
session_3229,user_1962,Mobile,UK,Social Media,1,1,1,1,1,1
session_323,user_2335,Desktop,UK,Direct,1,1,0,0,0,0
session_3230,user_1543,Mobile,France,Email,1,1,1,1,1,1
session_3231,user_1426,Mobile,Germany,Google,1,1,0,0,0,0
session_3232,user_1853,Mobile,Germany,Social Media,1,1,0,0,0,0
session_3233,user_2828,Desktop,France,Email,1,1,0,0,0,0
session_3234,user_2870,Desktop,Canada,Google,1,1,1,1,1,1
session_3235,user_2665,Tablet,Australia,Direct,1,1,0,0,0,0
session_3236,user_2659,Mobile,UK,Google,1,1,0,0,0,0
session_3237,user_1760,Mobile,Australia,Google,1,1,1,1,1,1
session_3238,user_2991,Desktop,Australia,Google,1,1,0,0,0,0
session_3239,user_1246,Desktop,Australia,Social Media,1,1,1,1,1,1
session_324,user_1472,Tablet,India,Social Media,1,1,1,1,1,1
session_3240,user_1626,Desktop,Germany,Google,1,1,0,0,0,0
session_3241,user_1051,Tablet,Germany,Social Media,1,1,1,1,1,1
session_3242,user_2697,Desktop,Australia,Email,1,1,0,0,0,0
session_3243,user_1146,Tablet,India,Social Media,1,1,1,1,1,1
session_3244,user_1027,Mobile,UK,Direct,1,1,0,0,0,0
session_3245,user_2440,Tablet,Canada,Direct,1,1,1,0,0,0
session_3246,user_1525,Mobile,India,Google,1,1,0,0,0,0
session_3247,user_1612,Mobile,India,Google,1,0,0,0,0,0
session_3248,user_2680,Desktop,USA,Direct,1,1,0,0,0,0
session_3249,user_1680,Desktop,India,Google,1,1,1,1,1,1
session_325,user_1431,Mobile,Australia,Direct,1,0,0,0,0,0
session_3250,user_2194,Mobile,UK,Google,1,1,1,1,1,1
session_3251,user_1502,Mobile,Australia,Email,1,1,1,1,1,1
session_3252,user_1503,Tablet,USA,Google,1,1,1,1,1,1
session_3253,user_2451,Desktop,India,Google,1,1,0,0,0,0
session_3254,user_1340,Desktop,Germany,Social Media,1,1,0,0,0,0
session_3255,user_1794,Mobile,Germany,Google,1,1,1,0,0,0
session_3256,user_1291,Mobile,France,Direct,1,1,0,0,0,0
session_3257,user_2508,Mobile,France,Google,1,1,0,0,0,0
session_3258,user_1143,Mobile,India,Social Media,1,1,0,0,0,0
session_3259,user_2330,Desktop,France,Social Media,1,1,1,1,1,1
session_326,user_2862,Tablet,India,Direct,1,1,0,0,0,0
session_3260,user_1760,Mobile,India,Google,1,0,0,0,0,0
session_3261,user_1318,Mobile,UK,Google,1,1,0,0,0,0
session_3262,user_1413,Desktop,India,Social Media,1,1,0,0,0,0
session_3263,user_2191,Desktop,France,Social Media,1,1,1,1,1,1
session_3264,user_2333,Tablet,France,Direct,1,1,0,0,0,0
session_3265,user_2372,Desktop,India,Email,1,1,0,0,0,0
session_3266,user_2682,Desktop,India,Social Media,1,0,0,0,0,0
session_3267,user_2367,Tablet,USA,Email,1,1,0,0,0,0
session_3268,user_2372,Mobile,UK,Direct,1,0,0,0,0,0
session_3269,user_1644,Tablet,France,Social Media,1,0,0,0,0,0
session_327,user_1807,Mobile,Germany,Email,1,1,1,1,1,1
session_3270,user_1581,Mobile,UK,Email,1,1,0,0,0,0
session_3271,user_1383,Desktop,USA,Social Media,1,1,0,0,0,0
session_3272,user_2195,Mobile,USA,Direct,1,1,1,1,1,1
session_3273,user_1255,Desktop,USA,Direct,1,1,0,0,0,0
session_3274,user_2643,Desktop,Australia,Direct,1,1,1,0,0,0
session_3275,user_1439,Desktop,Germany,Google,1,1,1,1,1,1
session_3276,user_2644,Desktop,USA,Email,1,1,1,0,0,0
session_3277,user_2308,Tablet,India,Google,1,1,0,0,0,0
session_3278,user_1511,Desktop,Australia,Email,1,1,1,1,1,1
session_3279,user_1048,Mobile,France,Email,1,1,1,1,1,1
session_328,user_2173,Tablet,USA,Google,1,1,1,1,1,1
session_3280,user_1547,Mobile,UK,Social Media,1,1,0,0,0,0
session_3281,user_1778,Desktop,Canada,Google,1,1,0,0,0,0
session_3282,user_2574,Mobile,India,Google,1,1,1,1,1,1
session_3283,user_1666,Desktop,Germany,Google,1,1,0,0,0,0
session_3284,user_1228,Mobile,Australia,Social Media,1,1,1,0,0,0
session_3285,user_1579,Mobile,Australia,Social Media,1,1,0,0,0,0
session_3286,user_1235,Tablet,Germany,Direct,1,1,1,1,1,1
session_3287,user_2390,Desktop,UK,Direct,1,1,1,1,1,1
session_3288,user_1277,Desktop,France,Social Media,1,1,1,1,1,1
session_3289,user_1720,Tablet,USA,Social Media,1,1,0,0,0,0
session_329,user_2983,Tablet,Germany,Social Media,1,1,0,0,0,0
session_3290,user_1500,Tablet,UK,Direct,1,1,0,0,0,0
session_3291,user_2148,Tablet,Germany,Email,1,1,0,0,0,0
session_3292,user_2724,Desktop,UK,Direct,1,1,0,0,0,0
session_3293,user_1688,Tablet,France,Direct,1,0,0,0,0,0
session_3294,user_1393,Mobile,Australia,Email,1,1,1,1,1,1
session_3295,user_1463,Mobile,Australia,Google,1,1,0,0,0,0
session_3296,user_2789,Desktop,Australia,Google,1,1,0,0,0,0
session_3297,user_1467,Desktop,Australia,Email,1,1,0,0,0,0
session_3298,user_1959,Mobile,USA,Social Media,1,1,1,0,0,0
session_3299,user_1572,Tablet,Germany,Email,1,0,0,0,0,0
session_33,user_1580,Desktop,UK,Direct,1,1,0,0,0,0
session_330,user_1403,Desktop,India,Social Media,1,1,0,0,0,0
session_3300,user_1085,Desktop,India,Social Media,1,1,0,0,0,0
session_3301,user_1126,Desktop,India,Direct,1,0,0,0,0,0
session_3302,user_2613,Mobile,Canada,Direct,1,1,0,0,0,0
session_3303,user_1295,Tablet,USA,Google,1,1,0,0,0,0
session_3304,user_2351,Mobile,India,Google,1,1,0,0,0,0
session_3305,user_1473,Tablet,UK,Google,1,1,0,0,0,0
session_3306,user_2432,Desktop,Germany,Direct,1,1,1,0,0,0
session_3307,user_1360,Mobile,USA,Direct,1,1,0,0,0,0
session_3308,user_2000,Mobile,Australia,Google,1,1,0,0,0,0
session_3309,user_2305,Desktop,India,Email,1,1,1,1,1,1
session_331,user_2579,Tablet,India,Social Media,1,1,1,1,1,1
session_3310,user_2140,Tablet,Canada,Email,1,1,1,1,0,0
session_3311,user_1460,Tablet,India,Google,1,1,0,0,0,0
session_3312,user_1994,Desktop,Australia,Google,1,1,0,0,0,0
session_3313,user_1013,Mobile,Australia,Google,1,0,0,0,0,0
session_3314,user_1497,Mobile,UK,Social Media,1,1,1,1,0,0
session_3315,user_2052,Tablet,USA,Google,1,1,1,1,1,1
session_3316,user_1976,Mobile,Australia,Google,1,1,0,0,0,0
session_3317,user_1483,Tablet,Germany,Google,1,1,1,1,1,1
session_3318,user_1768,Desktop,Canada,Google,1,1,0,0,0,0
session_3319,user_2669,Tablet,Canada,Direct,1,0,0,0,0,0
session_332,user_1849,Mobile,Canada,Social Media,1,1,1,1,1,1
session_3320,user_1744,Desktop,Canada,Email,1,1,0,0,0,0
session_3321,user_1179,Desktop,France,Google,1,0,0,0,0,0
session_3322,user_1155,Tablet,Australia,Direct,1,1,0,0,0,0
session_3323,user_2095,Mobile,France,Google,1,1,0,0,0,0
session_3324,user_1035,Desktop,India,Google,1,0,0,0,0,0
session_3325,user_1976,Desktop,UK,Google,1,1,1,1,1,1
session_3326,user_1709,Desktop,USA,Google,1,1,0,0,0,0
session_3327,user_1327,Mobile,Canada,Direct,1,1,0,0,0,0
session_3328,user_1280,Tablet,USA,Google,1,1,0,0,0,0
session_3329,user_2326,Mobile,Germany,Google,1,0,0,0,0,0
session_333,user_2197,Mobile,India,Direct,1,1,0,0,0,0
session_3330,user_2714,Mobile,France,Direct,1,1,1,1,1,1
session_3331,user_2937,Tablet,France,Social Media,1,1,0,0,0,0
session_3332,user_2713,Mobile,Australia,Social Media,1,1,1,1,1,1
session_3333,user_1466,Mobile,USA,Email,1,1,1,1,1,1
session_3334,user_2543,Desktop,Australia,Email,1,1,0,0,0,0
session_3335,user_1468,Mobile,USA,Direct,1,1,0,0,0,0
session_3336,user_2055,Mobile,USA,Social Media,1,1,0,0,0,0
session_3337,user_1605,Mobile,Canada,Email,1,1,0,0,0,0
session_3338,user_1170,Tablet,Germany,Email,1,1,0,0,0,0
session_3339,user_1618,Mobile,France,Email,1,1,1,0,0,0
session_334,user_1863,Tablet,Australia,Social Media,1,1,0,0,0,0
session_3340,user_2544,Desktop,Australia,Google,1,0,0,0,0,0
session_3341,user_2486,Tablet,Australia,Google,1,1,1,0,0,0
session_3342,user_2012,Mobile,Canada,Direct,1,1,1,0,0,0
session_3343,user_2313,Mobile,UK,Google,1,1,1,0,0,0
session_3344,user_1899,Mobile,Australia,Direct,1,1,0,0,0,0
session_3345,user_1255,Tablet,India,Google,1,1,0,0,0,0
session_3346,user_1990,Desktop,France,Email,1,1,0,0,0,0
session_3347,user_2225,Desktop,France,Direct,1,1,0,0,0,0
session_3348,user_1354,Desktop,UK,Google,1,1,1,1,1,1
session_3349,user_1941,Desktop,UK,Direct,1,1,0,0,0,0
session_335,user_2054,Tablet,India,Direct,1,1,1,0,0,0
session_3350,user_2795,Mobile,Germany,Direct,1,1,1,0,0,0
session_3351,user_1856,Tablet,USA,Social Media,1,1,1,0,0,0
session_3352,user_1877,Desktop,Canada,Social Media,1,1,0,0,0,0
session_3353,user_1244,Mobile,Australia,Direct,1,1,0,0,0,0
session_3354,user_1551,Desktop,India,Email,1,0,0,0,0,0
session_3355,user_2616,Mobile,UK,Email,1,1,1,0,0,0
session_3356,user_2657,Tablet,India,Direct,1,1,0,0,0,0
session_3357,user_2699,Desktop,UK,Social Media,1,1,0,0,0,0
session_3358,user_2134,Desktop,Germany,Social Media,1,1,0,0,0,0
session_3359,user_2650,Desktop,UK,Social Media,1,1,0,0,0,0
session_336,user_2741,Tablet,UK,Direct,1,1,1,0,0,0
session_3360,user_2915,Desktop,Australia,Email,1,1,1,1,0,0
session_3361,user_2415,Desktop,France,Direct,1,1,1,0,0,0
session_3362,user_2255,Desktop,USA,Direct,1,1,1,0,0,0
session_3363,user_1740,Desktop,India,Social Media,1,1,0,0,0,0
session_3364,user_1211,Mobile,USA,Google,1,1,0,0,0,0
session_3365,user_2510,Mobile,Germany,Google,1,0,0,0,0,0
session_3366,user_1103,Desktop,USA,Social Media,1,0,0,0,0,0
session_3367,user_2709,Tablet,Australia,Email,1,1,0,0,0,0
session_3368,user_2182,Mobile,Germany,Social Media,1,0,0,0,0,0
session_3369,user_1132,Desktop,France,Google,1,1,0,0,0,0
session_337,user_2336,Desktop,Australia,Google,1,1,1,1,1,1
session_3370,user_1404,Tablet,Canada,Social Media,1,1,1,0,0,0
session_3371,user_1964,Tablet,Australia,Direct,1,1,1,0,0,0
session_3372,user_1230,Tablet,Germany,Email,1,1,1,1,1,1
session_3373,user_1535,Desktop,UK,Direct,1,1,0,0,0,0
session_3374,user_2540,Mobile,Canada,Direct,1,1,0,0,0,0
session_3375,user_1870,Mobile,UK,Direct,1,1,0,0,0,0
session_3376,user_2043,Mobile,India,Google,1,1,0,0,0,0
session_3377,user_2907,Mobile,France,Social Media,1,1,1,0,0,0
session_3378,user_2456,Tablet,UK,Social Media,1,1,0,0,0,0
session_3379,user_1607,Mobile,USA,Google,1,1,0,0,0,0
session_338,user_2368,Mobile,USA,Google,1,1,1,0,0,0
session_3380,user_2948,Tablet,Australia,Direct,1,1,0,0,0,0
session_3381,user_2036,Tablet,Canada,Email,1,0,0,0,0,0
session_3382,user_1608,Desktop,India,Google,1,1,0,0,0,0
session_3383,user_1513,Desktop,Germany,Google,1,0,0,0,0,0
session_3384,user_1055,Mobile,USA,Direct,1,1,0,0,0,0
session_3385,user_1215,Desktop,France,Direct,1,1,1,1,1,1
session_3386,user_1733,Tablet,UK,Email,1,1,1,1,1,1
session_3387,user_1556,Tablet,Canada,Google,1,1,0,0,0,0
session_3388,user_2997,Tablet,USA,Direct,1,1,0,0,0,0
session_3389,user_1254,Mobile,UK,Google,1,1,0,0,0,0
session_339,user_1870,Mobile,USA,Google,1,1,1,1,1,1
session_3390,user_2269,Desktop,UK,Google,1,1,0,0,0,0
session_3391,user_1406,Desktop,USA,Google,1,1,0,0,0,0
session_3392,user_1526,Mobile,Australia,Social Media,1,1,1,0,0,0
session_3393,user_2598,Desktop,UK,Google,1,1,0,0,0,0
session_3394,user_2628,Mobile,Canada,Google,1,1,0,0,0,0
session_3395,user_2999,Mobile,India,Social Media,1,1,1,1,1,1
session_3396,user_2727,Tablet,Australia,Email,1,1,0,0,0,0
session_3397,user_1141,Desktop,India,Email,1,1,0,0,0,0
session_3398,user_2324,Mobile,France,Social Media,1,1,1,1,1,1
session_3399,user_2071,Desktop,Canada,Direct,1,0,0,0,0,0
session_34,user_1912,Tablet,USA,Google,1,1,1,1,1,1
session_340,user_1807,Tablet,USA,Google,1,1,0,0,0,0
session_3400,user_1352,Desktop,UK,Social Media,1,0,0,0,0,0
session_3401,user_2962,Tablet,Germany,Email,1,1,0,0,0,0
session_3402,user_1247,Mobile,UK,Direct,1,1,0,0,0,0
session_3403,user_2781,Desktop,USA,Social Media,1,1,0,0,0,0
session_3404,user_1745,Tablet,France,Email,1,1,0,0,0,0
session_3405,user_2072,Desktop,USA,Direct,1,0,0,0,0,0
session_3406,user_2846,Mobile,Germany,Google,1,1,1,1,1,1
session_3407,user_2850,Desktop,USA,Direct,1,1,0,0,0,0
session_3408,user_2331,Mobile,Australia,Direct,1,0,0,0,0,0
session_3409,user_2011,Desktop,Australia,Email,1,1,0,0,0,0
session_341,user_1631,Mobile,Canada,Google,1,1,0,0,0,0
session_3410,user_1552,Desktop,France,Social Media,1,0,0,0,0,0
session_3411,user_1118,Desktop,Australia,Social Media,1,1,1,1,1,1
session_3412,user_2809,Mobile,France,Email,1,1,0,0,0,0
session_3413,user_1714,Tablet,Canada,Google,1,1,0,0,0,0
session_3414,user_1714,Mobile,France,Google,1,1,1,1,1,1
session_3415,user_1550,Mobile,Canada,Social Media,1,1,0,0,0,0
session_3416,user_1513,Tablet,India,Direct,1,1,0,0,0,0
session_3417,user_2982,Mobile,Germany,Email,1,0,0,0,0,0
session_3418,user_1297,Tablet,Australia,Direct,1,1,1,1,1,1
session_3419,user_2920,Tablet,France,Email,1,0,0,0,0,0
session_342,user_2576,Tablet,India,Email,1,1,0,0,0,0
session_3420,user_1055,Tablet,Germany,Google,1,1,1,1,1,1
session_3421,user_2278,Desktop,France,Direct,1,0,0,0,0,0
session_3422,user_2681,Desktop,France,Email,1,1,0,0,0,0
session_3423,user_1219,Desktop,India,Social Media,1,1,0,0,0,0
session_3424,user_2062,Mobile,France,Google,1,1,0,0,0,0
session_3425,user_2971,Tablet,France,Email,1,1,0,0,0,0
session_3426,user_1239,Desktop,France,Social Media,1,0,0,0,0,0
session_3427,user_2792,Tablet,USA,Google,1,1,1,1,1,1
session_3428,user_1285,Tablet,UK,Direct,1,1,0,0,0,0
session_3429,user_1554,Desktop,USA,Direct,1,0,0,0,0,0
session_343,user_2053,Mobile,USA,Social Media,1,1,1,1,1,1
session_3430,user_1941,Tablet,France,Google,1,1,1,1,1,1
session_3431,user_1408,Desktop,France,Direct,1,1,0,0,0,0
session_3432,user_2988,Desktop,Australia,Email,1,1,0,0,0,0
session_3433,user_1388,Mobile,UK,Google,1,1,0,0,0,0
session_3434,user_2674,Desktop,France,Email,1,1,0,0,0,0
session_3435,user_2955,Desktop,France,Google,1,1,1,1,1,1
session_3436,user_1701,Mobile,India,Google,1,1,0,0,0,0
session_3437,user_2784,Mobile,France,Social Media,1,1,1,0,0,0
session_3438,user_1165,Tablet,Germany,Email,1,1,0,0,0,0
session_3439,user_1577,Desktop,Australia,Google,1,1,1,1,0,0
session_344,user_1511,Desktop,Germany,Direct,1,1,1,1,0,0
session_3440,user_1830,Mobile,USA,Email,1,1,1,1,1,1
session_3441,user_1426,Mobile,India,Google,1,0,0,0,0,0
session_3442,user_1629,Desktop,Australia,Direct,1,1,0,0,0,0
session_3443,user_1665,Mobile,USA,Google,1,0,0,0,0,0
session_3444,user_2963,Mobile,UK,Google,1,1,0,0,0,0
session_3445,user_1416,Mobile,UK,Social Media,1,1,1,1,1,1
session_3446,user_1150,Desktop,India,Direct,1,0,0,0,0,0
session_3447,user_1173,Mobile,UK,Direct,1,0,0,0,0,0
session_3448,user_1433,Mobile,France,Email,1,1,0,0,0,0
session_3449,user_1784,Tablet,India,Google,1,1,1,0,0,0
session_345,user_2527,Tablet,France,Email,1,1,0,0,0,0
session_3450,user_2161,Desktop,India,Social Media,1,1,0,0,0,0
session_3451,user_2491,Tablet,France,Email,1,1,0,0,0,0
session_3452,user_2314,Desktop,Germany,Social Media,1,0,0,0,0,0
session_3453,user_1400,Mobile,UK,Email,1,1,1,1,1,1
session_3454,user_2764,Mobile,Australia,Direct,1,1,0,0,0,0
session_3455,user_2132,Desktop,India,Google,1,1,0,0,0,0
session_3456,user_1420,Mobile,France,Email,1,1,0,0,0,0
session_3457,user_2249,Desktop,India,Social Media,1,1,0,0,0,0
session_3458,user_1967,Mobile,France,Social Media,1,1,0,0,0,0
session_3459,user_1403,Mobile,France,Google,1,1,1,0,0,0
session_346,user_2703,Tablet,France,Email,1,1,0,0,0,0
session_3460,user_1771,Tablet,India,Social Media,1,1,1,0,0,0
session_3461,user_2968,Desktop,France,Direct,1,1,1,1,1,1
session_3462,user_1709,Mobile,Germany,Direct,1,1,0,0,0,0
session_3463,user_1232,Mobile,India,Google,1,1,1,1,1,1
session_3464,user_1740,Tablet,Germany,Google,1,0,0,0,0,0
session_3465,user_1723,Mobile,UK,Social Media,1,1,1,0,0,0
session_3466,user_2103,Tablet,Canada,Email,1,1,0,0,0,0
session_3467,user_2028,Tablet,Germany,Email,1,1,1,1,1,1
session_3468,user_2091,Tablet,Germany,Google,1,0,0,0,0,0
session_3469,user_2245,Mobile,UK,Direct,1,1,0,0,0,0
session_347,user_2586,Mobile,UK,Email,1,1,0,0,0,0
session_3470,user_1989,Desktop,USA,Direct,1,1,0,0,0,0
session_3471,user_2668,Desktop,France,Social Media,1,1,0,0,0,0
session_3472,user_2947,Mobile,Germany,Email,1,1,1,1,1,1
session_3473,user_1438,Mobile,Canada,Social Media,1,1,0,0,0,0
session_3474,user_2540,Tablet,USA,Social Media,1,1,1,1,1,1
session_3475,user_1148,Desktop,India,Email,1,0,0,0,0,0
session_3476,user_2440,Mobile,UK,Social Media,1,1,1,0,0,0
session_3477,user_1076,Tablet,India,Email,1,1,0,0,0,0
session_3478,user_2456,Desktop,UK,Email,1,1,1,1,1,1
session_3479,user_1318,Mobile,France,Social Media,1,1,1,1,1,1
session_348,user_1472,Mobile,Canada,Google,1,1,0,0,0,0
session_3480,user_1966,Mobile,Germany,Direct,1,1,1,1,1,1
session_3481,user_2610,Desktop,Canada,Google,1,0,0,0,0,0
session_3482,user_2069,Mobile,India,Email,1,1,1,1,1,1
session_3483,user_1564,Desktop,USA,Direct,1,1,0,0,0,0
session_3484,user_1366,Tablet,Germany,Direct,1,1,1,0,0,0
session_3485,user_2826,Tablet,France,Social Media,1,1,0,0,0,0
session_3486,user_2860,Tablet,Canada,Email,1,1,1,1,1,1
session_3487,user_2370,Desktop,France,Direct,1,1,1,0,0,0
session_3488,user_2660,Desktop,Australia,Google,1,1,1,0,0,0
session_3489,user_1393,Tablet,UK,Social Media,1,0,0,0,0,0
session_349,user_2107,Desktop,India,Email,1,1,0,0,0,0
session_3490,user_1456,Mobile,Australia,Email,1,1,1,0,0,0
session_3491,user_1863,Desktop,Germany,Direct,1,1,0,0,0,0
session_3492,user_2091,Tablet,France,Email,1,1,0,0,0,0
session_3493,user_1411,Desktop,USA,Social Media,1,1,0,0,0,0
session_3494,user_1683,Mobile,USA,Email,1,1,0,0,0,0
session_3495,user_2060,Desktop,UK,Google,1,0,0,0,0,0
session_3496,user_1467,Desktop,Australia,Direct,1,1,0,0,0,0
session_3497,user_2526,Tablet,India,Email,1,1,1,0,0,0
session_3498,user_2985,Desktop,USA,Direct,1,0,0,0,0,0
session_3499,user_2595,Mobile,Australia,Google,1,1,1,0,0,0
session_35,user_2872,Mobile,USA,Social Media,1,1,0,0,0,0
session_350,user_2491,Tablet,France,Google,1,1,1,1,1,1
session_3500,user_1970,Mobile,France,Social Media,1,1,1,1,1,1
session_3501,user_2334,Tablet,Canada,Email,1,1,0,0,0,0
session_3502,user_1975,Mobile,Australia,Email,1,0,0,0,0,0
session_3503,user_1759,Mobile,Canada,Email,1,1,0,0,0,0
session_3504,user_2620,Tablet,Australia,Direct,1,0,0,0,0,0
session_3505,user_2641,Tablet,UK,Google,1,1,0,0,0,0
session_3506,user_1934,Desktop,India,Email,1,1,0,0,0,0
session_3507,user_1904,Tablet,France,Email,1,0,0,0,0,0
session_3508,user_2686,Desktop,Australia,Google,1,0,0,0,0,0
session_3509,user_2675,Tablet,India,Google,1,0,0,0,0,0
session_351,user_2874,Tablet,Australia,Direct,1,1,0,0,0,0
session_3510,user_1899,Tablet,UK,Email,1,1,1,0,0,0
session_3511,user_2603,Desktop,Germany,Email,1,1,0,0,0,0
session_3512,user_1997,Mobile,Australia,Social Media,1,0,0,0,0,0
session_3513,user_2052,Desktop,India,Direct,1,1,0,0,0,0
session_3514,user_1626,Mobile,Australia,Direct,1,1,0,0,0,0
session_3515,user_1781,Desktop,UK,Google,1,1,0,0,0,0
session_3516,user_2672,Tablet,Canada,Social Media,1,0,0,0,0,0
session_3517,user_1930,Desktop,Australia,Direct,1,1,0,0,0,0
session_3518,user_1471,Desktop,France,Email,1,1,0,0,0,0
session_3519,user_1600,Desktop,UK,Email,1,1,1,1,1,1
session_352,user_1678,Desktop,India,Direct,1,1,1,1,1,1
session_3520,user_1397,Mobile,India,Direct,1,1,0,0,0,0
session_3521,user_2228,Mobile,Canada,Direct,1,0,0,0,0,0
session_3522,user_1287,Mobile,Australia,Google,1,0,0,0,0,0
session_3523,user_2568,Desktop,India,Direct,1,1,1,1,1,1
session_3524,user_1453,Mobile,Germany,Social Media,1,1,0,0,0,0
session_3525,user_2708,Mobile,Canada,Direct,1,1,1,0,0,0
session_3526,user_1788,Tablet,Germany,Direct,1,1,0,0,0,0
session_3527,user_2915,Mobile,Germany,Email,1,1,0,0,0,0
session_3528,user_2521,Tablet,India,Google,1,1,0,0,0,0
session_3529,user_2783,Tablet,USA,Email,1,1,0,0,0,0
session_353,user_2066,Desktop,France,Google,1,0,0,0,0,0
session_3530,user_2215,Desktop,India,Google,1,1,1,1,1,1
session_3531,user_1341,Desktop,Germany,Email,1,1,1,1,1,1
session_3532,user_2139,Mobile,UK,Social Media,1,1,0,0,0,0
session_3533,user_1880,Mobile,France,Google,1,1,0,0,0,0
session_3534,user_1221,Tablet,USA,Email,1,1,0,0,0,0
session_3535,user_1719,Tablet,India,Direct,1,1,0,0,0,0
session_3536,user_1423,Tablet,USA,Google,1,1,1,0,0,0
session_3537,user_1387,Mobile,USA,Email,1,1,1,1,1,1
session_3538,user_1358,Tablet,Canada,Direct,1,1,1,0,0,0
session_3539,user_2784,Tablet,UK,Google,1,1,1,1,1,1
session_354,user_1904,Tablet,Canada,Google,1,1,1,1,1,1
session_3540,user_1774,Tablet,USA,Direct,1,1,0,0,0,0
session_3541,user_1559,Tablet,Australia,Email,1,1,1,1,1,1
session_3542,user_1084,Desktop,UK,Google,1,1,0,0,0,0
session_3543,user_2329,Desktop,France,Google,1,1,0,0,0,0
session_3544,user_2783,Tablet,Germany,Email,1,0,0,0,0,0
session_3545,user_2868,Desktop,UK,Social Media,1,1,0,0,0,0
session_3546,user_2114,Tablet,France,Direct,1,0,0,0,0,0
session_3547,user_1180,Mobile,USA,Email,1,1,1,0,0,0
session_3548,user_1183,Tablet,Germany,Direct,1,1,0,0,0,0
session_3549,user_2130,Mobile,UK,Email,1,1,1,0,0,0
session_355,user_1663,Mobile,USA,Social Media,1,1,1,1,1,1
session_3550,user_1763,Mobile,Canada,Direct,1,1,0,0,0,0
session_3551,user_2491,Tablet,Australia,Google,1,1,1,1,1,1
session_3552,user_2650,Tablet,USA,Email,1,0,0,0,0,0
session_3553,user_1257,Tablet,France,Email,1,1,0,0,0,0
session_3554,user_1767,Mobile,USA,Social Media,1,0,0,0,0,0
session_3555,user_2546,Desktop,India,Social Media,1,0,0,0,0,0
session_3556,user_1876,Desktop,India,Email,1,1,1,1,1,1
session_3557,user_1032,Desktop,UK,Social Media,1,1,1,1,1,1
session_3558,user_2710,Mobile,USA,Social Media,1,1,0,0,0,0
session_3559,user_1250,Desktop,Australia,Email,1,1,0,0,0,0
session_356,user_1771,Desktop,Australia,Google,1,1,1,1,0,0
session_3560,user_1015,Mobile,India,Email,1,0,0,0,0,0
session_3561,user_1837,Tablet,UK,Social Media,1,1,0,0,0,0
session_3562,user_1577,Desktop,Germany,Social Media,1,1,0,0,0,0
session_3563,user_1804,Mobile,USA,Direct,1,0,0,0,0,0
session_3564,user_1647,Desktop,UK,Google,1,1,0,0,0,0
session_3565,user_1470,Mobile,Canada,Direct,1,1,0,0,0,0
session_3566,user_2344,Desktop,Australia,Google,1,1,1,1,1,1
session_3567,user_1441,Tablet,UK,Google,1,1,0,0,0,0
session_3568,user_1724,Desktop,Canada,Google,1,1,0,0,0,0
session_3569,user_2740,Desktop,Canada,Direct,1,0,0,0,0,0
session_357,user_1612,Mobile,UK,Email,1,1,1,0,0,0
session_3570,user_2216,Mobile,Germany,Google,1,1,1,1,1,1
session_3571,user_2963,Tablet,USA,Google,1,1,0,0,0,0
session_3572,user_2838,Desktop,Australia,Social Media,1,1,1,1,1,1
session_3573,user_1376,Desktop,Germany,Email,1,1,0,0,0,0
session_3574,user_2485,Mobile,France,Google,1,1,0,0,0,0
session_3575,user_1971,Desktop,USA,Direct,1,1,0,0,0,0
session_3576,user_2016,Tablet,France,Social Media,1,1,1,1,1,1
session_3577,user_2967,Desktop,Australia,Social Media,1,1,1,0,0,0
session_3578,user_1682,Mobile,India,Direct,1,1,1,1,1,1
session_3579,user_2085,Desktop,France,Direct,1,1,0,0,0,0
session_358,user_2901,Mobile,France,Google,1,0,0,0,0,0
session_3580,user_1115,Tablet,USA,Email,1,1,0,0,0,0
session_3581,user_2936,Tablet,France,Email,1,0,0,0,0,0
session_3582,user_1629,Mobile,Canada,Social Media,1,1,0,0,0,0
session_3583,user_2187,Mobile,USA,Email,1,0,0,0,0,0
session_3584,user_1653,Tablet,Canada,Direct,1,1,1,1,1,1
session_3585,user_2212,Desktop,Canada,Email,1,1,0,0,0,0
session_3586,user_2872,Desktop,France,Direct,1,0,0,0,0,0
session_3587,user_1323,Tablet,UK,Email,1,1,1,1,1,1
session_3588,user_1884,Desktop,Germany,Google,1,0,0,0,0,0
session_3589,user_2374,Desktop,India,Social Media,1,1,1,1,1,1
session_359,user_2113,Mobile,Canada,Google,1,1,1,1,0,0
session_3590,user_1099,Mobile,UK,Direct,1,1,0,0,0,0
session_3591,user_1123,Tablet,UK,Email,1,1,0,0,0,0
session_3592,user_1063,Mobile,Germany,Email,1,0,0,0,0,0
session_3593,user_2999,Desktop,UK,Google,1,1,0,0,0,0
session_3594,user_2821,Desktop,India,Direct,1,1,1,0,0,0
session_3595,user_2753,Desktop,Australia,Social Media,1,1,0,0,0,0
session_3596,user_1367,Tablet,Germany,Google,1,1,0,0,0,0
session_3597,user_2035,Tablet,France,Email,1,1,0,0,0,0
session_3598,user_2804,Tablet,India,Google,1,0,0,0,0,0
session_3599,user_1627,Desktop,UK,Email,1,0,0,0,0,0
session_36,user_1983,Tablet,Canada,Direct,1,1,0,0,0,0
session_360,user_1764,Tablet,USA,Email,1,1,0,0,0,0
session_3600,user_1198,Tablet,USA,Email,1,0,0,0,0,0
session_3601,user_2397,Mobile,USA,Direct,1,1,0,0,0,0
session_3602,user_2601,Desktop,France,Google,1,1,1,1,1,1
session_3603,user_1591,Mobile,Germany,Google,1,1,0,0,0,0
session_3604,user_1843,Mobile,Germany,Social Media,1,0,0,0,0,0
session_3605,user_2972,Tablet,UK,Social Media,1,0,0,0,0,0
session_3606,user_2675,Mobile,India,Email,1,1,0,0,0,0
session_3607,user_1232,Tablet,USA,Google,1,1,1,0,0,0
session_3608,user_2929,Desktop,Germany,Google,1,1,0,0,0,0
session_3609,user_1904,Desktop,Canada,Google,1,1,0,0,0,0
session_361,user_2330,Tablet,India,Social Media,1,1,1,0,0,0
session_3610,user_1551,Desktop,USA,Email,1,1,0,0,0,0
session_3611,user_1837,Mobile,Germany,Google,1,0,0,0,0,0
session_3612,user_1982,Desktop,India,Social Media,1,1,0,0,0,0
session_3613,user_1363,Desktop,France,Social Media,1,1,0,0,0,0
session_3614,user_1226,Mobile,Canada,Social Media,1,1,0,0,0,0
session_3615,user_1389,Mobile,Germany,Social Media,1,1,1,1,1,1
session_3616,user_1934,Mobile,Canada,Google,1,1,0,0,0,0
session_3617,user_2012,Desktop,Australia,Google,1,1,1,0,0,0
session_3618,user_1921,Desktop,France,Social Media,1,1,0,0,0,0
session_3619,user_2799,Mobile,France,Social Media,1,1,1,1,1,1
session_362,user_2745,Desktop,UK,Direct,1,0,0,0,0,0
session_3620,user_2142,Mobile,Germany,Email,1,1,0,0,0,0
session_3621,user_1852,Tablet,France,Social Media,1,1,0,0,0,0
session_3622,user_1046,Desktop,India,Direct,1,1,0,0,0,0
session_3623,user_1777,Tablet,Canada,Social Media,1,1,0,0,0,0
session_3624,user_1263,Desktop,Germany,Direct,1,1,0,0,0,0
session_3625,user_1015,Desktop,Canada,Email,1,1,0,0,0,0
session_3626,user_2075,Mobile,Australia,Social Media,1,0,0,0,0,0
session_3627,user_2906,Tablet,India,Direct,1,1,0,0,0,0
session_3628,user_1980,Desktop,USA,Direct,1,1,1,0,0,0
session_3629,user_2876,Tablet,Australia,Direct,1,1,0,0,0,0
session_363,user_2751,Desktop,India,Social Media,1,1,0,0,0,0
session_3630,user_2795,Desktop,Germany,Google,1,1,1,1,1,1
session_3631,user_2084,Tablet,Canada,Email,1,1,0,0,0,0
session_3632,user_2671,Tablet,USA,Email,1,1,0,0,0,0
session_3633,user_2449,Mobile,Germany,Social Media,1,1,0,0,0,0
session_3634,user_2732,Tablet,UK,Social Media,1,1,0,0,0,0
session_3635,user_1205,Desktop,Germany,Google,1,1,1,0,0,0
session_3636,user_2769,Tablet,USA,Social Media,1,1,0,0,0,0
session_3637,user_1584,Desktop,France,Social Media,1,1,1,1,1,1
session_3638,user_2135,Desktop,France,Google,1,1,1,1,1,1
session_3639,user_1647,Tablet,UK,Social Media,1,1,1,1,1,1
session_364,user_2249,Desktop,Germany,Social Media,1,0,0,0,0,0
session_3640,user_2785,Tablet,France,Social Media,1,0,0,0,0,0
session_3641,user_1541,Tablet,Australia,Social Media,1,1,0,0,0,0
session_3642,user_2616,Mobile,UK,Google,1,0,0,0,0,0
session_3643,user_2916,Desktop,India,Direct,1,1,1,1,1,1
session_3644,user_1803,Tablet,USA,Direct,1,1,0,0,0,0
session_3645,user_1142,Tablet,Germany,Google,1,0,0,0,0,0
session_3646,user_1234,Tablet,Australia,Email,1,1,1,1,1,1
session_3647,user_2597,Tablet,Canada,Social Media,1,1,1,1,0,0
session_3648,user_2086,Tablet,Germany,Google,1,0,0,0,0,0
session_3649,user_1253,Mobile,India,Google,1,0,0,0,0,0
session_365,user_2605,Desktop,UK,Direct,1,1,0,0,0,0
session_3650,user_1020,Tablet,Canada,Social Media,1,1,1,1,1,1
session_3651,user_1765,Tablet,France,Google,1,1,0,0,0,0
session_3652,user_1913,Tablet,Australia,Direct,1,1,0,0,0,0
session_3653,user_1448,Tablet,India,Google,1,1,0,0,0,0
session_3654,user_2919,Mobile,Canada,Google,1,1,1,1,1,1
session_3655,user_2275,Tablet,USA,Email,1,1,0,0,0,0
session_3656,user_1703,Desktop,Australia,Direct,1,1,1,1,1,1
session_3657,user_2702,Desktop,UK,Direct,1,1,0,0,0,0
session_3658,user_2560,Desktop,Australia,Direct,1,1,1,0,0,0
session_3659,user_3000,Tablet,India,Email,1,1,1,1,1,1
session_366,user_1228,Mobile,UK,Email,1,1,1,0,0,0
session_3660,user_2705,Tablet,Canada,Google,1,1,0,0,0,0
session_3661,user_1126,Tablet,Canada,Google,1,0,0,0,0,0
session_3662,user_2238,Desktop,Germany,Social Media,1,1,1,1,1,1
session_3663,user_2271,Desktop,India,Direct,1,1,1,1,1,1
session_3664,user_1241,Desktop,USA,Google,1,1,0,0,0,0
session_3665,user_2851,Mobile,Germany,Social Media,1,1,0,0,0,0
session_3666,user_1967,Desktop,USA,Direct,1,1,0,0,0,0
session_3667,user_1498,Desktop,France,Email,1,1,0,0,0,0
session_3668,user_1404,Tablet,UK,Google,1,1,1,1,1,1
session_3669,user_2369,Mobile,France,Email,1,0,0,0,0,0
session_367,user_1564,Tablet,Canada,Email,1,1,0,0,0,0
session_3670,user_2957,Mobile,France,Direct,1,1,1,1,1,1
session_3671,user_1971,Mobile,Australia,Direct,1,1,1,1,1,1
session_3672,user_2826,Desktop,UK,Email,1,1,1,1,1,1
session_3673,user_2312,Tablet,Germany,Google,1,1,0,0,0,0
session_3674,user_2702,Tablet,UK,Social Media,1,1,0,0,0,0
session_3675,user_1596,Tablet,USA,Social Media,1,1,0,0,0,0
session_3676,user_1742,Mobile,Canada,Social Media,1,1,0,0,0,0
session_3677,user_2841,Desktop,India,Social Media,1,1,0,0,0,0
session_3678,user_2532,Desktop,UK,Social Media,1,1,0,0,0,0
session_3679,user_2775,Mobile,France,Direct,1,1,1,1,1,1
session_368,user_2339,Tablet,France,Email,1,0,0,0,0,0
session_3680,user_2461,Mobile,Canada,Email,1,1,1,0,0,0
session_3681,user_1840,Tablet,Australia,Google,1,0,0,0,0,0
session_3682,user_2489,Desktop,Canada,Direct,1,1,1,0,0,0
session_3683,user_2838,Mobile,France,Social Media,1,0,0,0,0,0
session_3684,user_1365,Mobile,France,Direct,1,1,0,0,0,0
session_3685,user_1980,Mobile,Germany,Direct,1,1,0,0,0,0
session_3686,user_2394,Mobile,India,Social Media,1,1,1,1,1,1
session_3687,user_1302,Desktop,Germany,Direct,1,1,1,1,1,1
session_3688,user_1987,Desktop,Germany,Social Media,1,1,0,0,0,0
session_3689,user_2350,Tablet,Canada,Direct,1,1,0,0,0,0
session_369,user_1374,Mobile,UK,Google,1,0,0,0,0,0
session_3690,user_1217,Tablet,Australia,Email,1,1,1,1,1,1
session_3691,user_2325,Desktop,Australia,Social Media,1,1,1,1,0,0
session_3692,user_2497,Tablet,Australia,Direct,1,1,1,0,0,0
session_3693,user_2857,Desktop,Germany,Social Media,1,1,0,0,0,0
session_3694,user_1734,Mobile,France,Google,1,1,0,0,0,0
session_3695,user_1900,Tablet,USA,Google,1,1,1,1,0,0
session_3696,user_2612,Tablet,UK,Social Media,1,1,0,0,0,0
session_3697,user_1775,Mobile,Australia,Social Media,1,1,0,0,0,0
session_3698,user_2204,Tablet,USA,Social Media,1,0,0,0,0,0
session_3699,user_1609,Tablet,UK,Google,1,1,0,0,0,0
session_37,user_1099,Mobile,Australia,Direct,1,1,1,1,0,0
session_370,user_2962,Desktop,Germany,Social Media,1,0,0,0,0,0
session_3700,user_1476,Tablet,UK,Email,1,1,1,0,0,0
session_3701,user_1362,Mobile,Australia,Google,1,1,0,0,0,0
session_3702,user_2196,Desktop,Australia,Direct,1,1,0,0,0,0
session_3703,user_1079,Mobile,France,Social Media,1,1,0,0,0,0
session_3704,user_2913,Mobile,Australia,Google,1,0,0,0,0,0
session_3705,user_2889,Tablet,France,Direct,1,1,1,0,0,0
session_3706,user_1522,Tablet,Canada,Social Media,1,0,0,0,0,0
session_3707,user_1029,Mobile,USA,Direct,1,0,0,0,0,0
session_3708,user_2101,Tablet,India,Direct,1,1,0,0,0,0
session_3709,user_2645,Tablet,Canada,Direct,1,1,0,0,0,0
session_371,user_2647,Mobile,USA,Direct,1,1,0,0,0,0
session_3710,user_2341,Mobile,USA,Direct,1,1,1,0,0,0
session_3711,user_1518,Tablet,Australia,Direct,1,1,0,0,0,0
session_3712,user_2383,Mobile,UK,Google,1,1,0,0,0,0
session_3713,user_2463,Desktop,USA,Google,1,1,0,0,0,0
session_3714,user_2775,Tablet,USA,Email,1,1,1,1,1,1
session_3715,user_1739,Mobile,France,Google,1,1,1,1,1,1
session_3716,user_2415,Mobile,Australia,Social Media,1,1,1,0,0,0
session_3717,user_2720,Mobile,India,Social Media,1,1,0,0,0,0
session_3718,user_1111,Tablet,France,Direct,1,0,0,0,0,0
session_3719,user_2619,Desktop,India,Email,1,0,0,0,0,0
session_372,user_2533,Tablet,Australia,Email,1,1,0,0,0,0
session_3720,user_1181,Mobile,UK,Email,1,1,0,0,0,0
session_3721,user_2652,Mobile,France,Direct,1,1,0,0,0,0
session_3722,user_1962,Tablet,UK,Direct,1,1,1,0,0,0
session_3723,user_2602,Tablet,USA,Social Media,1,1,0,0,0,0
session_3724,user_1188,Mobile,Germany,Social Media,1,1,0,0,0,0
session_3725,user_1442,Desktop,France,Direct,1,1,0,0,0,0
session_3726,user_2472,Mobile,USA,Direct,1,1,0,0,0,0
session_3727,user_2451,Tablet,Canada,Social Media,1,1,1,1,1,1
session_3728,user_1038,Tablet,UK,Direct,1,1,1,1,1,1
session_3729,user_2333,Mobile,India,Google,1,1,0,0,0,0
session_373,user_2565,Desktop,USA,Email,1,1,0,0,0,0
session_3730,user_2830,Desktop,Canada,Email,1,0,0,0,0,0
session_3731,user_1362,Desktop,Canada,Google,1,1,0,0,0,0
session_3732,user_1222,Tablet,Germany,Social Media,1,0,0,0,0,0
session_3733,user_2170,Tablet,France,Google,1,1,1,1,1,1
session_3734,user_1125,Tablet,USA,Social Media,1,1,0,0,0,0
session_3735,user_2405,Mobile,France,Direct,1,1,0,0,0,0
session_3736,user_1595,Mobile,UK,Google,1,1,0,0,0,0
session_3737,user_2097,Mobile,France,Email,1,1,1,1,1,1
session_3738,user_2186,Tablet,USA,Google,1,1,1,1,1,1
session_3739,user_1620,Desktop,Canada,Direct,1,1,0,0,0,0
session_374,user_2552,Tablet,USA,Social Media,1,1,0,0,0,0
session_3740,user_2820,Tablet,USA,Email,1,1,0,0,0,0
session_3741,user_1219,Mobile,India,Google,1,1,1,0,0,0
session_3742,user_2435,Tablet,Australia,Google,1,1,1,1,1,1
session_3743,user_1349,Tablet,Canada,Email,1,0,0,0,0,0
session_3744,user_2074,Tablet,Germany,Google,1,1,0,0,0,0
session_3745,user_1860,Tablet,Australia,Email,1,1,0,0,0,0
session_3746,user_2665,Desktop,France,Email,1,1,0,0,0,0
session_3747,user_2502,Mobile,Australia,Social Media,1,1,1,1,1,1
session_3748,user_1347,Tablet,UK,Social Media,1,1,0,0,0,0
session_3749,user_2853,Desktop,USA,Social Media,1,1,1,1,0,0
session_375,user_1752,Mobile,USA,Social Media,1,1,1,0,0,0
session_3750,user_1674,Desktop,USA,Direct,1,1,1,1,0,0
session_3751,user_2013,Mobile,Australia,Google,1,1,0,0,0,0
session_3752,user_1848,Tablet,Germany,Social Media,1,1,0,0,0,0
session_3753,user_2623,Desktop,India,Social Media,1,1,1,0,0,0
session_3754,user_2881,Desktop,UK,Google,1,0,0,0,0,0
session_3755,user_1230,Tablet,USA,Email,1,1,0,0,0,0
session_3756,user_2819,Mobile,France,Social Media,1,0,0,0,0,0
session_3757,user_2643,Desktop,UK,Social Media,1,1,0,0,0,0
session_3758,user_1410,Desktop,USA,Email,1,0,0,0,0,0
session_3759,user_1020,Desktop,UK,Email,1,1,1,1,1,1
session_376,user_1060,Tablet,Germany,Social Media,1,1,0,0,0,0
session_3760,user_2663,Desktop,France,Google,1,1,1,1,1,1
session_3761,user_2576,Tablet,Canada,Email,1,1,0,0,0,0
session_3762,user_2660,Desktop,Canada,Email,1,0,0,0,0,0
session_3763,user_1856,Mobile,Australia,Social Media,1,1,0,0,0,0
session_3764,user_1456,Desktop,India,Google,1,1,1,0,0,0
session_3765,user_1950,Tablet,UK,Google,1,1,0,0,0,0
session_3766,user_1871,Mobile,India,Google,1,1,0,0,0,0
session_3767,user_2688,Tablet,USA,Direct,1,0,0,0,0,0
session_3768,user_1723,Desktop,Australia,Direct,1,1,0,0,0,0
session_3769,user_1515,Desktop,USA,Social Media,1,1,0,0,0,0
session_377,user_2108,Desktop,Australia,Google,1,1,0,0,0,0
session_3770,user_2568,Tablet,France,Email,1,1,0,0,0,0
session_3771,user_1863,Mobile,India,Social Media,1,1,1,0,0,0
session_3772,user_1390,Desktop,USA,Direct,1,0,0,0,0,0
session_3773,user_2720,Desktop,Australia,Direct,1,1,0,0,0,0
session_3774,user_1904,Tablet,Canada,Email,1,1,0,0,0,0
session_3775,user_1340,Tablet,Germany,Google,1,0,0,0,0,0
session_3776,user_1750,Tablet,France,Social Media,1,1,1,1,1,1
session_3777,user_2334,Desktop,India,Social Media,1,1,0,0,0,0
session_3778,user_1032,Tablet,Germany,Social Media,1,1,1,1,1,1
session_3779,user_2621,Desktop,USA,Social Media,1,1,1,1,1,1
session_378,user_1083,Desktop,Canada,Direct,1,1,1,0,0,0
session_3780,user_1635,Mobile,UK,Google,1,1,0,0,0,0
session_3781,user_2675,Tablet,India,Direct,1,1,0,0,0,0
session_3782,user_2355,Desktop,USA,Social Media,1,1,0,0,0,0
session_3783,user_2874,Desktop,UK,Google,1,1,0,0,0,0
session_3784,user_1008,Tablet,Canada,Google,1,1,1,1,0,0
session_3785,user_2888,Mobile,UK,Google,1,0,0,0,0,0
session_3786,user_2968,Tablet,France,Social Media,1,0,0,0,0,0
session_3787,user_2002,Tablet,Canada,Social Media,1,1,0,0,0,0
session_3788,user_2837,Tablet,India,Email,1,1,0,0,0,0
session_3789,user_2014,Mobile,USA,Email,1,1,1,0,0,0
session_379,user_1362,Mobile,Australia,Direct,1,1,1,1,1,1
session_3790,user_1006,Mobile,Australia,Email,1,1,0,0,0,0
session_3791,user_2301,Mobile,USA,Google,1,1,0,0,0,0
session_3792,user_1518,Mobile,Germany,Social Media,1,1,0,0,0,0
session_3793,user_1782,Mobile,France,Email,1,0,0,0,0,0
session_3794,user_1174,Tablet,France,Social Media,1,1,0,0,0,0
session_3795,user_2045,Mobile,Canada,Google,1,1,0,0,0,0
session_3796,user_2679,Desktop,UK,Social Media,1,1,0,0,0,0
session_3797,user_2994,Tablet,France,Email,1,1,1,0,0,0
session_3798,user_2692,Desktop,India,Social Media,1,1,1,1,1,1
session_3799,user_2855,Desktop,USA,Social Media,1,0,0,0,0,0
session_38,user_1563,Desktop,Germany,Google,1,0,0,0,0,0
session_380,user_2868,Mobile,Canada,Google,1,1,1,1,1,1
session_3800,user_2092,Desktop,Australia,Direct,1,1,1,1,1,1
session_3801,user_1856,Tablet,India,Direct,1,0,0,0,0,0
session_3802,user_2908,Desktop,USA,Google,1,1,0,0,0,0
session_3803,user_2698,Tablet,USA,Google,1,1,0,0,0,0
session_3804,user_2065,Tablet,Canada,Google,1,1,0,0,0,0
session_3805,user_2533,Desktop,USA,Direct,1,0,0,0,0,0
session_3806,user_2259,Tablet,UK,Email,1,1,1,1,1,1
session_3807,user_2954,Mobile,India,Social Media,1,1,0,0,0,0
session_3808,user_2803,Tablet,Germany,Direct,1,0,0,0,0,0
session_3809,user_2997,Mobile,Germany,Email,1,1,0,0,0,0
session_381,user_1781,Mobile,India,Google,1,0,0,0,0,0
session_3810,user_2697,Desktop,Australia,Google,1,1,0,0,0,0
session_3811,user_1604,Mobile,UK,Social Media,1,1,0,0,0,0
session_3812,user_1851,Mobile,USA,Direct,1,1,0,0,0,0
session_3813,user_2644,Mobile,France,Email,1,1,1,1,1,1
session_3814,user_2182,Tablet,USA,Google,1,1,1,1,1,1
session_3815,user_1627,Desktop,Germany,Social Media,1,1,0,0,0,0
session_3816,user_2184,Tablet,Germany,Google,1,0,0,0,0,0
session_3817,user_1865,Desktop,France,Social Media,1,1,1,0,0,0
session_3818,user_1999,Mobile,Australia,Direct,1,1,0,0,0,0
session_3819,user_2240,Desktop,Canada,Email,1,1,1,1,1,1
session_382,user_1735,Tablet,Australia,Google,1,0,0,0,0,0
session_3820,user_1681,Mobile,India,Email,1,1,0,0,0,0
session_3821,user_1141,Tablet,USA,Email,1,1,1,1,1,1
session_3822,user_2774,Desktop,USA,Social Media,1,0,0,0,0,0
session_3823,user_1597,Mobile,USA,Direct,1,1,0,0,0,0
session_3824,user_2697,Mobile,USA,Google,1,1,0,0,0,0
session_3825,user_2245,Desktop,USA,Google,1,1,0,0,0,0
session_3826,user_1883,Desktop,Australia,Google,1,1,0,0,0,0
session_3827,user_1094,Mobile,Germany,Direct,1,0,0,0,0,0
session_3828,user_1780,Desktop,Australia,Direct,1,1,0,0,0,0
session_3829,user_2941,Mobile,France,Social Media,1,1,1,0,0,0
session_383,user_1085,Desktop,France,Direct,1,1,0,0,0,0
session_3830,user_2337,Desktop,France,Email,1,1,0,0,0,0
session_3831,user_2752,Mobile,Canada,Email,1,1,1,0,0,0
session_3832,user_2206,Mobile,UK,Google,1,1,1,0,0,0
session_3833,user_1973,Mobile,Germany,Email,1,1,0,0,0,0
session_3834,user_2503,Mobile,Germany,Google,1,1,1,1,1,1
session_3835,user_2339,Desktop,Canada,Email,1,1,0,0,0,0
session_3836,user_2583,Desktop,France,Direct,1,1,0,0,0,0
session_3837,user_2638,Mobile,USA,Social Media,1,1,1,1,1,1
session_3838,user_1701,Mobile,Canada,Direct,1,1,0,0,0,0
session_3839,user_2016,Tablet,India,Email,1,1,0,0,0,0
session_384,user_2078,Mobile,UK,Email,1,1,0,0,0,0
session_3840,user_2612,Tablet,France,Google,1,1,0,0,0,0
session_3841,user_2782,Mobile,Australia,Social Media,1,1,1,0,0,0
session_3842,user_1415,Tablet,Germany,Email,1,1,1,1,1,1
session_3843,user_1845,Tablet,Germany,Social Media,1,1,1,1,1,1
session_3844,user_1664,Tablet,UK,Google,1,1,0,0,0,0
session_3845,user_2091,Tablet,Canada,Direct,1,1,0,0,0,0
session_3846,user_2351,Desktop,Germany,Google,1,0,0,0,0,0
session_3847,user_2233,Tablet,USA,Direct,1,1,0,0,0,0
session_3848,user_2892,Tablet,India,Social Media,1,1,0,0,0,0
session_3849,user_1484,Desktop,India,Social Media,1,1,1,1,1,1
session_385,user_2821,Tablet,USA,Google,1,1,0,0,0,0
session_3850,user_1092,Desktop,India,Social Media,1,1,1,1,1,1
session_3851,user_2606,Tablet,India,Social Media,1,1,1,1,1,1
session_3852,user_1756,Desktop,Canada,Google,1,0,0,0,0,0
session_3853,user_2259,Mobile,UK,Email,1,0,0,0,0,0
session_3854,user_1246,Mobile,UK,Social Media,1,1,0,0,0,0
session_3855,user_2318,Mobile,France,Google,1,1,1,0,0,0
session_3856,user_2750,Tablet,India,Social Media,1,0,0,0,0,0
session_3857,user_1603,Tablet,UK,Email,1,1,0,0,0,0
session_3858,user_1135,Tablet,Germany,Google,1,1,0,0,0,0
session_3859,user_2173,Desktop,USA,Social Media,1,0,0,0,0,0
session_386,user_2318,Mobile,Germany,Email,1,1,0,0,0,0
session_3860,user_1169,Desktop,Australia,Direct,1,0,0,0,0,0
session_3861,user_1074,Tablet,Canada,Email,1,1,0,0,0,0
session_3862,user_1855,Desktop,Australia,Email,1,1,0,0,0,0
session_3863,user_2991,Desktop,France,Email,1,1,1,1,1,1
session_3864,user_1286,Mobile,Australia,Social Media,1,0,0,0,0,0
session_3865,user_2345,Tablet,France,Direct,1,1,0,0,0,0
session_3866,user_2355,Mobile,Germany,Social Media,1,1,0,0,0,0
session_3867,user_1628,Desktop,USA,Email,1,1,1,1,1,1
session_3868,user_2884,Desktop,India,Google,1,1,0,0,0,0
session_3869,user_1474,Desktop,Germany,Direct,1,1,0,0,0,0
session_387,user_1541,Mobile,Canada,Direct,1,1,0,0,0,0
session_3870,user_1735,Desktop,USA,Social Media,1,1,1,0,0,0
session_3871,user_1197,Tablet,UK,Direct,1,1,1,0,0,0
session_3872,user_1589,Desktop,UK,Email,1,1,1,0,0,0
session_3873,user_2872,Mobile,USA,Google,1,1,1,1,1,1
session_3874,user_1042,Mobile,India,Direct,1,1,0,0,0,0
session_3875,user_2341,Mobile,India,Direct,1,1,1,1,1,1
session_3876,user_1220,Tablet,India,Social Media,1,1,1,1,1,1
session_3877,user_1480,Mobile,Germany,Email,1,1,1,1,0,0
session_3878,user_1952,Tablet,UK,Direct,1,1,0,0,0,0
session_3879,user_2355,Desktop,France,Direct,1,1,0,0,0,0
session_388,user_2845,Desktop,France,Email,1,1,1,1,1,1
session_3880,user_2204,Desktop,UK,Email,1,1,0,0,0,0
session_3881,user_1820,Mobile,UK,Email,1,0,0,0,0,0
session_3882,user_2426,Tablet,Canada,Direct,1,1,1,1,1,1
session_3883,user_1873,Tablet,Canada,Direct,1,0,0,0,0,0
session_3884,user_2318,Mobile,France,Email,1,0,0,0,0,0
session_3885,user_2046,Tablet,Australia,Email,1,1,0,0,0,0
session_3886,user_1537,Desktop,France,Social Media,1,1,1,1,1,1
session_3887,user_1747,Mobile,UK,Email,1,1,0,0,0,0
session_3888,user_2864,Tablet,Canada,Email,1,1,0,0,0,0
session_3889,user_1005,Mobile,India,Email,1,1,1,1,1,1
session_389,user_1667,Tablet,USA,Email,1,0,0,0,0,0
session_3890,user_1991,Tablet,India,Social Media,1,1,1,1,1,1
session_3891,user_2571,Desktop,France,Email,1,1,0,0,0,0
session_3892,user_1408,Desktop,USA,Email,1,1,0,0,0,0
session_3893,user_1211,Tablet,Canada,Email,1,1,0,0,0,0
session_3894,user_2119,Tablet,Australia,Direct,1,1,0,0,0,0
session_3895,user_2638,Mobile,Canada,Email,1,1,1,1,1,1
session_3896,user_1940,Mobile,Canada,Direct,1,1,1,1,1,1
session_3897,user_1798,Tablet,Canada,Google,1,1,0,0,0,0
session_3898,user_1462,Desktop,Germany,Email,1,1,0,0,0,0
session_3899,user_2849,Tablet,India,Google,1,1,0,0,0,0
session_39,user_1524,Desktop,India,Google,1,1,1,1,1,1
session_390,user_2624,Tablet,UK,Google,1,1,1,1,1,1
session_3900,user_1560,Tablet,Australia,Social Media,1,0,0,0,0,0
session_3901,user_1137,Mobile,Canada,Social Media,1,1,0,0,0,0
session_3902,user_1275,Mobile,Germany,Email,1,1,0,0,0,0
session_3903,user_2568,Tablet,USA,Direct,1,1,1,0,0,0
session_3904,user_2544,Tablet,UK,Google,1,0,0,0,0,0
session_3905,user_1498,Mobile,Germany,Direct,1,1,0,0,0,0
session_3906,user_1723,Mobile,France,Google,1,1,1,1,1,1
session_3907,user_1535,Mobile,France,Direct,1,0,0,0,0,0
session_3908,user_1406,Tablet,India,Email,1,1,0,0,0,0
session_3909,user_1847,Tablet,UK,Email,1,1,1,0,0,0
session_391,user_2774,Mobile,USA,Direct,1,1,1,1,1,1
session_3910,user_2970,Tablet,Germany,Google,1,1,0,0,0,0
session_3911,user_2999,Mobile,Germany,Social Media,1,1,0,0,0,0
session_3912,user_2173,Tablet,Germany,Social Media,1,1,0,0,0,0
session_3913,user_2848,Tablet,Australia,Social Media,1,1,0,0,0,0
session_3914,user_2534,Desktop,Canada,Direct,1,0,0,0,0,0
session_3915,user_2169,Tablet,Australia,Google,1,1,0,0,0,0
session_3916,user_2640,Desktop,Canada,Email,1,1,0,0,0,0
session_3917,user_1135,Desktop,USA,Social Media,1,1,1,1,1,1
session_3918,user_1533,Mobile,USA,Direct,1,1,0,0,0,0
session_3919,user_1629,Desktop,Australia,Social Media,1,0,0,0,0,0
session_392,user_2495,Desktop,USA,Email,1,1,0,0,0,0
session_3920,user_2793,Tablet,USA,Google,1,1,1,1,1,1
session_3921,user_2996,Tablet,Canada,Google,1,1,1,0,0,0
session_3922,user_2583,Mobile,Australia,Direct,1,0,0,0,0,0
session_3923,user_2323,Desktop,Australia,Direct,1,1,0,0,0,0
session_3924,user_2089,Mobile,Australia,Social Media,1,1,0,0,0,0
session_3925,user_1586,Mobile,France,Social Media,1,1,0,0,0,0
session_3926,user_1159,Tablet,Germany,Social Media,1,0,0,0,0,0
session_3927,user_1371,Mobile,Canada,Social Media,1,1,0,0,0,0
session_3928,user_1982,Tablet,India,Email,1,1,0,0,0,0
session_3929,user_2018,Desktop,USA,Google,1,1,0,0,0,0
session_393,user_2944,Mobile,Australia,Direct,1,1,0,0,0,0
session_3930,user_2346,Tablet,Germany,Google,1,0,0,0,0,0
session_3931,user_1270,Mobile,India,Google,1,1,1,1,1,1
session_3932,user_2318,Tablet,Canada,Email,1,1,0,0,0,0
session_3933,user_2400,Mobile,India,Email,1,1,0,0,0,0
session_3934,user_2223,Mobile,Canada,Google,1,1,0,0,0,0
session_3935,user_2356,Tablet,Australia,Social Media,1,1,0,0,0,0
session_3936,user_1581,Tablet,India,Direct,1,1,0,0,0,0
session_3937,user_1868,Desktop,UK,Email,1,1,0,0,0,0
session_3938,user_1037,Desktop,USA,Direct,1,1,1,1,1,1
session_3939,user_2248,Mobile,France,Email,1,1,1,0,0,0
session_394,user_2831,Desktop,UK,Social Media,1,1,1,0,0,0
session_3940,user_2594,Desktop,Germany,Email,1,1,0,0,0,0
session_3941,user_2610,Desktop,Germany,Email,1,1,0,0,0,0
session_3942,user_1694,Desktop,UK,Email,1,1,1,0,0,0
session_3943,user_1990,Mobile,USA,Google,1,1,0,0,0,0
session_3944,user_1328,Mobile,UK,Email,1,0,0,0,0,0
session_3945,user_1541,Desktop,Canada,Social Media,1,1,1,0,0,0
session_3946,user_2215,Mobile,USA,Social Media,1,1,1,1,1,1
session_3947,user_1690,Mobile,France,Social Media,1,1,0,0,0,0
session_3948,user_2690,Desktop,Germany,Google,1,0,0,0,0,0
session_3949,user_2607,Desktop,Canada,Direct,1,1,1,1,1,1
session_395,user_1835,Desktop,Australia,Google,1,1,1,1,0,0
session_3950,user_1624,Tablet,Canada,Google,1,1,0,0,0,0
session_3951,user_2852,Mobile,India,Google,1,1,0,0,0,0
session_3952,user_2951,Desktop,UK,Google,1,1,1,1,1,1
session_3953,user_1197,Mobile,Australia,Email,1,1,0,0,0,0
session_3954,user_2425,Mobile,USA,Social Media,1,0,0,0,0,0
session_3955,user_2772,Desktop,Canada,Direct,1,1,1,1,1,1
session_3956,user_2022,Mobile,UK,Social Media,1,1,1,1,1,1
session_3957,user_1086,Mobile,USA,Email,1,1,1,1,1,1
session_3958,user_1407,Desktop,UK,Email,1,1,1,1,1,1
session_3959,user_2054,Desktop,Germany,Social Media,1,1,0,0,0,0
session_396,user_1551,Desktop,Germany,Direct,1,0,0,0,0,0
session_3960,user_2215,Desktop,Australia,Direct,1,1,1,1,1,1
session_3961,user_1314,Tablet,Canada,Direct,1,1,0,0,0,0
session_3962,user_2086,Mobile,Australia,Social Media,1,1,0,0,0,0
session_3963,user_1633,Desktop,France,Direct,1,0,0,0,0,0
session_3964,user_2752,Tablet,Germany,Email,1,0,0,0,0,0
session_3965,user_1765,Tablet,USA,Google,1,1,0,0,0,0
session_3966,user_2426,Desktop,UK,Email,1,1,0,0,0,0
session_3967,user_2626,Mobile,Canada,Google,1,1,0,0,0,0
session_3968,user_1723,Tablet,France,Email,1,1,0,0,0,0
session_3969,user_2466,Tablet,Australia,Email,1,1,0,0,0,0
session_397,user_2848,Desktop,UK,Direct,1,1,0,0,0,0
session_3970,user_2276,Tablet,France,Direct,1,1,0,0,0,0
session_3971,user_2747,Mobile,France,Social Media,1,1,0,0,0,0
session_3972,user_2963,Tablet,Germany,Social Media,1,0,0,0,0,0
session_3973,user_1921,Mobile,France,Social Media,1,1,1,1,1,1
session_3974,user_2374,Tablet,USA,Direct,1,1,0,0,0,0
session_3975,user_2410,Tablet,Germany,Email,1,1,0,0,0,0
session_3976,user_1579,Mobile,USA,Direct,1,1,0,0,0,0
session_3977,user_2955,Desktop,Canada,Social Media,1,1,0,0,0,0
session_3978,user_1740,Desktop,India,Email,1,1,1,1,1,1
session_3979,user_1805,Mobile,USA,Email,1,1,0,0,0,0
session_398,user_2970,Mobile,France,Email,1,0,0,0,0,0
session_3980,user_1229,Desktop,India,Social Media,1,0,0,0,0,0
session_3981,user_1558,Desktop,UK,Google,1,0,0,0,0,0
session_3982,user_1610,Desktop,UK,Email,1,1,0,0,0,0
session_3983,user_2271,Tablet,France,Social Media,1,1,0,0,0,0
session_3984,user_1500,Tablet,France,Direct,1,1,0,0,0,0
session_3985,user_2594,Desktop,Germany,Direct,1,1,1,1,1,1
session_3986,user_1697,Tablet,Australia,Social Media,1,1,0,0,0,0
session_3987,user_3001,Mobile,France,Google,1,1,0,0,0,0
session_3988,user_1084,Tablet,France,Google,1,1,1,1,1,1
session_3989,user_2801,Desktop,USA,Email,1,1,0,0,0,0
session_399,user_1913,Tablet,UK,Google,1,1,0,0,0,0
session_3990,user_2781,Desktop,UK,Email,1,1,1,0,0,0
session_3991,user_2542,Desktop,Australia,Email,1,1,0,0,0,0
session_3992,user_1886,Tablet,Germany,Email,1,1,1,1,1,1
session_3993,user_1751,Mobile,Canada,Social Media,1,1,0,0,0,0
session_3994,user_2132,Mobile,USA,Direct,1,1,1,1,1,1
session_3995,user_2197,Desktop,USA,Email,1,1,0,0,0,0
session_3996,user_2689,Desktop,Canada,Social Media,1,0,0,0,0,0
session_3997,user_2065,Mobile,Canada,Social Media,1,1,0,0,0,0
session_3998,user_2942,Tablet,France,Direct,1,1,0,0,0,0
session_3999,user_2030,Desktop,Canada,Email,1,1,0,0,0,0
session_4,user_1065,Desktop,France,Social Media,1,1,0,0,0,0
session_40,user_1626,Tablet,UK,Direct,1,1,1,1,0,0
session_400,user_2011,Tablet,Canada,Google,1,1,0,0,0,0
session_4000,user_2765,Mobile,Germany,Google,1,0,0,0,0,0
session_4001,user_1753,Tablet,Germany,Google,1,0,0,0,0,0
session_4002,user_1405,Mobile,France,Google,1,1,0,0,0,0
session_4003,user_2208,Mobile,UK,Social Media,1,1,0,0,0,0
session_4004,user_2066,Tablet,India,Email,1,1,1,1,1,1
session_4005,user_1571,Tablet,Germany,Google,1,0,0,0,0,0
session_4006,user_1368,Desktop,France,Email,1,1,1,1,0,0
session_4007,user_1154,Mobile,Germany,Direct,1,1,1,1,1,1
session_4008,user_2631,Desktop,USA,Email,1,1,0,0,0,0
session_4009,user_1136,Mobile,India,Direct,1,1,0,0,0,0
session_401,user_1373,Tablet,UK,Direct,1,1,1,1,1,1
session_4010,user_2069,Mobile,Germany,Email,1,1,1,0,0,0
session_4011,user_1006,Tablet,USA,Email,1,0,0,0,0,0
session_4012,user_1633,Tablet,Germany,Direct,1,1,0,0,0,0
session_4013,user_1985,Mobile,France,Email,1,0,0,0,0,0
session_4014,user_2342,Tablet,France,Direct,1,1,1,1,1,1
session_4015,user_2870,Tablet,Germany,Google,1,1,0,0,0,0
session_4016,user_1067,Desktop,Germany,Direct,1,0,0,0,0,0
session_4017,user_2075,Mobile,UK,Email,1,1,0,0,0,0
session_4018,user_2320,Desktop,USA,Social Media,1,0,0,0,0,0
session_4019,user_1082,Mobile,Germany,Email,1,1,0,0,0,0
session_402,user_1722,Tablet,India,Google,1,1,1,1,1,1
session_4020,user_1874,Tablet,USA,Direct,1,1,0,0,0,0
session_4021,user_2190,Desktop,India,Social Media,1,1,0,0,0,0
session_4022,user_2636,Mobile,Germany,Email,1,1,0,0,0,0
session_4023,user_1188,Desktop,USA,Direct,1,1,1,1,1,1
session_4024,user_2381,Mobile,USA,Direct,1,1,1,1,1,1
session_4025,user_2146,Tablet,France,Direct,1,1,1,1,1,1
session_4026,user_1552,Tablet,USA,Direct,1,1,1,1,1,1
session_4027,user_1149,Desktop,UK,Email,1,1,0,0,0,0
session_4028,user_2231,Desktop,India,Social Media,1,1,0,0,0,0
session_4029,user_1613,Tablet,France,Email,1,1,0,0,0,0
session_403,user_2108,Desktop,Germany,Google,1,1,1,0,0,0
session_4030,user_1790,Mobile,India,Email,1,1,1,1,1,1
session_4031,user_2780,Tablet,India,Email,1,1,0,0,0,0
session_4032,user_1285,Mobile,India,Social Media,1,1,0,0,0,0
session_4033,user_2129,Desktop,France,Direct,1,0,0,0,0,0
session_4034,user_2932,Tablet,USA,Social Media,1,1,0,0,0,0
session_4035,user_2671,Mobile,Germany,Google,1,1,1,1,1,1
session_4036,user_1029,Mobile,Canada,Email,1,1,0,0,0,0
session_4037,user_2790,Tablet,Canada,Google,1,1,0,0,0,0
session_4038,user_1529,Mobile,USA,Direct,1,1,1,0,0,0
session_4039,user_2364,Mobile,Australia,Email,1,1,0,0,0,0
session_404,user_1111,Tablet,France,Google,1,1,0,0,0,0
session_4040,user_2311,Mobile,UK,Email,1,1,0,0,0,0
session_4041,user_2108,Tablet,USA,Email,1,1,1,1,1,1
session_4042,user_1692,Mobile,Canada,Direct,1,1,1,1,1,1
session_4043,user_1348,Mobile,UK,Direct,1,1,1,1,1,1
session_4044,user_1584,Mobile,Canada,Email,1,1,1,1,1,1
session_4045,user_2543,Tablet,Australia,Email,1,1,0,0,0,0
session_4046,user_2639,Tablet,USA,Email,1,1,0,0,0,0
session_4047,user_1649,Mobile,France,Email,1,1,0,0,0,0
session_4048,user_1337,Mobile,USA,Email,1,1,1,0,0,0
session_4049,user_2135,Desktop,Canada,Google,1,0,0,0,0,0
session_405,user_2969,Desktop,USA,Social Media,1,1,0,0,0,0
session_4050,user_1944,Mobile,France,Social Media,1,1,1,1,1,1
session_4051,user_1305,Mobile,USA,Direct,1,1,0,0,0,0
session_4052,user_1690,Desktop,UK,Google,1,0,0,0,0,0
session_4053,user_2430,Tablet,France,Direct,1,1,1,1,1,1
session_4054,user_2729,Mobile,India,Google,1,0,0,0,0,0
session_4055,user_1009,Mobile,India,Google,1,1,0,0,0,0
session_4056,user_2204,Desktop,India,Email,1,1,1,1,1,1
session_4057,user_1424,Mobile,India,Direct,1,0,0,0,0,0
session_4058,user_2054,Mobile,France,Email,1,1,0,0,0,0
session_4059,user_1785,Mobile,Germany,Google,1,1,0,0,0,0
session_406,user_2807,Tablet,France,Social Media,1,1,0,0,0,0
session_4060,user_2117,Tablet,UK,Direct,1,1,0,0,0,0
session_4061,user_1446,Tablet,India,Social Media,1,1,1,0,0,0
session_4062,user_2438,Tablet,India,Google,1,1,0,0,0,0
session_4063,user_2000,Mobile,India,Email,1,1,0,0,0,0
session_4064,user_1102,Desktop,Australia,Google,1,1,1,1,1,1
session_4065,user_1566,Mobile,Canada,Direct,1,1,0,0,0,0
session_4066,user_2395,Desktop,France,Direct,1,0,0,0,0,0
session_4067,user_1451,Desktop,UK,Direct,1,1,0,0,0,0
session_4068,user_1386,Mobile,Australia,Social Media,1,0,0,0,0,0
session_4069,user_2516,Mobile,India,Direct,1,1,0,0,0,0
session_407,user_1909,Desktop,Germany,Email,1,1,1,1,1,1
session_4070,user_2597,Mobile,India,Direct,1,1,1,1,1,1
session_4071,user_2131,Tablet,Canada,Google,1,0,0,0,0,0
session_4072,user_1747,Mobile,India,Google,1,0,0,0,0,0
session_4073,user_2145,Desktop,Australia,Direct,1,0,0,0,0,0
session_4074,user_2144,Desktop,Germany,Social Media,1,1,1,1,1,1
session_4075,user_1380,Tablet,India,Google,1,1,1,0,0,0
session_4076,user_2727,Desktop,UK,Direct,1,1,0,0,0,0
session_4077,user_2691,Tablet,UK,Direct,1,1,0,0,0,0
session_4078,user_2062,Tablet,India,Email,1,1,1,0,0,0
session_4079,user_2146,Desktop,Canada,Direct,1,1,0,0,0,0
session_408,user_1743,Mobile,India,Google,1,0,0,0,0,0
session_4080,user_2492,Mobile,Canada,Direct,1,1,1,1,1,1
session_4081,user_2517,Desktop,Canada,Direct,1,0,0,0,0,0
session_4082,user_1264,Desktop,France,Email,1,1,0,0,0,0
session_4083,user_1495,Desktop,Germany,Google,1,1,0,0,0,0
session_4084,user_2112,Tablet,India,Social Media,1,1,0,0,0,0
session_4085,user_2094,Tablet,France,Google,1,1,1,1,1,1
session_4086,user_1987,Tablet,Germany,Social Media,1,1,1,1,1,1
session_4087,user_1895,Tablet,India,Direct,1,0,0,0,0,0
session_4088,user_1644,Desktop,Canada,Google,1,1,0,0,0,0
session_4089,user_2367,Mobile,Australia,Direct,1,1,0,0,0,0
session_409,user_2729,Tablet,USA,Social Media,1,1,0,0,0,0
session_4090,user_1463,Tablet,India,Google,1,0,0,0,0,0
session_4091,user_1057,Mobile,France,Social Media,1,1,0,0,0,0
session_4092,user_1953,Desktop,India,Google,1,1,1,0,0,0
session_4093,user_2637,Tablet,France,Email,1,1,0,0,0,0
session_4094,user_1250,Mobile,UK,Google,1,1,0,0,0,0
session_4095,user_1694,Desktop,France,Direct,1,1,0,0,0,0
session_4096,user_1577,Desktop,Canada,Social Media,1,1,0,0,0,0
session_4097,user_2243,Mobile,Canada,Email,1,1,0,0,0,0
session_4098,user_2665,Mobile,Germany,Direct,1,1,1,0,0,0
session_4099,user_2057,Tablet,UK,Social Media,1,0,0,0,0,0
session_41,user_2521,Desktop,India,Social Media,1,0,0,0,0,0
session_410,user_2749,Tablet,Canada,Direct,1,1,0,0,0,0
session_4100,user_2474,Mobile,Australia,Email,1,1,1,0,0,0
session_4101,user_2390,Mobile,Australia,Direct,1,1,0,0,0,0
session_4102,user_1001,Mobile,Canada,Email,1,1,0,0,0,0
session_4103,user_2316,Desktop,Australia,Social Media,1,1,1,1,1,1
session_4104,user_2872,Desktop,France,Social Media,1,0,0,0,0,0
session_4105,user_2468,Desktop,Australia,Direct,1,1,0,0,0,0
session_4106,user_2433,Tablet,India,Social Media,1,0,0,0,0,0
session_4107,user_1551,Tablet,USA,Direct,1,1,1,1,1,1
session_4108,user_2984,Desktop,Germany,Social Media,1,1,0,0,0,0
session_4109,user_1605,Tablet,USA,Email,1,1,1,1,1,1
session_411,user_1171,Tablet,Australia,Email,1,1,0,0,0,0
session_4110,user_2004,Tablet,Australia,Social Media,1,1,1,1,1,1
session_4111,user_2648,Mobile,India,Google,1,1,1,1,1,1
session_4112,user_2280,Mobile,Canada,Google,1,0,0,0,0,0
session_4113,user_1592,Mobile,India,Direct,1,1,0,0,0,0
session_4114,user_2066,Tablet,Canada,Email,1,1,1,1,1,1
session_4115,user_1810,Tablet,USA,Direct,1,1,1,1,1,1
session_4116,user_2339,Mobile,Germany,Email,1,1,0,0,0,0
session_4117,user_1627,Mobile,USA,Direct,1,1,1,0,0,0
session_4118,user_1820,Desktop,France,Direct,1,0,0,0,0,0
session_4119,user_1623,Tablet,Germany,Email,1,1,0,0,0,0
session_412,user_1852,Tablet,USA,Social Media,1,1,0,0,0,0
session_4120,user_2198,Mobile,Australia,Google,1,0,0,0,0,0
session_4121,user_1835,Desktop,USA,Social Media,1,0,0,0,0,0
session_4122,user_1631,Tablet,Germany,Direct,1,1,1,0,0,0
session_4123,user_2248,Mobile,Australia,Direct,1,1,0,0,0,0
session_4124,user_2367,Mobile,UK,Email,1,1,0,0,0,0
session_4125,user_1790,Desktop,India,Google,1,1,0,0,0,0
session_4126,user_2929,Mobile,USA,Direct,1,1,0,0,0,0
session_4127,user_2891,Tablet,Australia,Direct,1,1,1,1,0,0
session_4128,user_3001,Tablet,Germany,Social Media,1,1,1,1,1,1
session_4129,user_1129,Tablet,Canada,Email,1,1,1,1,1,1
session_413,user_2369,Mobile,Canada,Email,1,1,0,0,0,0
session_4130,user_1906,Tablet,Canada,Social Media,1,1,0,0,0,0
session_4131,user_1722,Tablet,Australia,Direct,1,1,0,0,0,0
session_4132,user_1704,Tablet,Germany,Email,1,1,0,0,0,0
session_4133,user_2334,Tablet,UK,Direct,1,1,1,1,1,1
session_4134,user_2846,Desktop,Australia,Google,1,1,0,0,0,0
session_4135,user_2316,Desktop,Australia,Direct,1,1,1,1,1,1
session_4136,user_2935,Desktop,Australia,Direct,1,1,0,0,0,0
session_4137,user_2950,Desktop,India,Google,1,0,0,0,0,0
session_4138,user_2432,Desktop,India,Email,1,1,1,1,1,1
session_4139,user_1563,Tablet,France,Social Media,1,1,0,0,0,0
session_414,user_1829,Desktop,Australia,Google,1,1,1,1,1,1
session_4140,user_1094,Tablet,Germany,Direct,1,1,1,0,0,0
session_4141,user_2571,Mobile,India,Social Media,1,1,0,0,0,0
session_4142,user_2725,Mobile,UK,Direct,1,1,0,0,0,0
session_4143,user_2844,Desktop,France,Email,1,1,0,0,0,0
session_4144,user_1587,Mobile,France,Google,1,1,0,0,0,0
session_4145,user_1771,Mobile,France,Email,1,1,1,1,1,1
session_4146,user_1713,Tablet,UK,Google,1,1,1,1,1,1
session_4147,user_2244,Desktop,Germany,Direct,1,1,1,0,0,0
session_4148,user_1555,Tablet,France,Google,1,0,0,0,0,0
session_4149,user_2235,Desktop,Canada,Direct,1,0,0,0,0,0
session_415,user_1293,Tablet,France,Email,1,1,1,0,0,0
session_4150,user_2131,Mobile,UK,Email,1,1,0,0,0,0
session_4151,user_1104,Desktop,India,Google,1,0,0,0,0,0
session_4152,user_1387,Desktop,Australia,Email,1,1,0,0,0,0
session_4153,user_2472,Desktop,USA,Google,1,1,0,0,0,0
session_4154,user_1778,Tablet,USA,Email,1,1,0,0,0,0
session_4155,user_2957,Desktop,Australia,Google,1,0,0,0,0,0
session_4156,user_2431,Tablet,Canada,Email,1,0,0,0,0,0
session_4157,user_2580,Tablet,Germany,Google,1,1,0,0,0,0
session_4158,user_2427,Mobile,India,Social Media,1,1,0,0,0,0
session_4159,user_1415,Tablet,USA,Direct,1,1,1,0,0,0
session_416,user_2271,Desktop,Australia,Direct,1,1,1,1,1,1
session_4160,user_2433,Desktop,USA,Direct,1,1,0,0,0,0
session_4161,user_1312,Desktop,India,Direct,1,1,0,0,0,0
session_4162,user_2713,Mobile,Canada,Social Media,1,0,0,0,0,0
session_4163,user_1749,Tablet,India,Direct,1,1,0,0,0,0
session_4164,user_1756,Desktop,Australia,Social Media,1,1,0,0,0,0
session_4165,user_2010,Tablet,UK,Social Media,1,0,0,0,0,0
session_4166,user_1460,Tablet,UK,Social Media,1,1,0,0,0,0
session_4167,user_2147,Desktop,Canada,Email,1,1,0,0,0,0
session_4168,user_2255,Mobile,USA,Social Media,1,1,0,0,0,0
session_4169,user_2886,Tablet,UK,Social Media,1,1,1,1,1,1
session_417,user_1632,Mobile,Canada,Direct,1,1,0,0,0,0
session_4170,user_2853,Desktop,Australia,Direct,1,1,1,1,1,1
session_4171,user_1777,Tablet,Canada,Email,1,1,1,0,0,0
session_4172,user_2144,Desktop,Germany,Google,1,1,1,1,1,1
session_4173,user_1337,Mobile,UK,Google,1,1,1,1,1,1
session_4174,user_2795,Tablet,India,Google,1,1,0,0,0,0
session_4175,user_2945,Tablet,Canada,Direct,1,1,0,0,0,0
session_4176,user_2377,Desktop,Canada,Email,1,1,1,0,0,0
session_4177,user_2965,Tablet,UK,Direct,1,1,0,0,0,0
session_4178,user_1311,Tablet,France,Direct,1,1,0,0,0,0
session_4179,user_1465,Desktop,UK,Email,1,0,0,0,0,0
session_418,user_1589,Mobile,USA,Social Media,1,1,0,0,0,0
session_4180,user_1638,Mobile,USA,Direct,1,0,0,0,0,0
session_4181,user_1889,Mobile,Canada,Social Media,1,1,1,0,0,0
session_4182,user_2461,Tablet,France,Social Media,1,1,1,0,0,0
session_4183,user_1615,Desktop,Canada,Social Media,1,1,1,1,1,1
session_4184,user_1114,Tablet,Australia,Social Media,1,0,0,0,0,0
session_4185,user_2559,Tablet,USA,Google,1,1,0,0,0,0
session_4186,user_2282,Desktop,Canada,Google,1,1,0,0,0,0
session_4187,user_2045,Mobile,USA,Email,1,0,0,0,0,0
session_4188,user_2739,Tablet,USA,Email,1,1,0,0,0,0
session_4189,user_2954,Tablet,Australia,Email,1,1,0,0,0,0
session_419,user_1138,Mobile,UK,Email,1,1,1,1,1,1
session_4190,user_1071,Tablet,UK,Social Media,1,1,1,1,1,1
session_4191,user_2087,Tablet,UK,Social Media,1,1,0,0,0,0
session_4192,user_2241,Tablet,France,Email,1,1,0,0,0,0
session_4193,user_2915,Mobile,Australia,Social Media,1,1,0,0,0,0
session_4194,user_1883,Tablet,UK,Google,1,0,0,0,0,0
session_4195,user_2192,Tablet,Germany,Google,1,1,0,0,0,0
session_4196,user_1514,Tablet,UK,Social Media,1,1,1,0,0,0
session_4197,user_2710,Desktop,UK,Email,1,0,0,0,0,0
session_4198,user_1733,Tablet,India,Social Media,1,1,0,0,0,0
session_4199,user_2882,Mobile,USA,Email,1,1,0,0,0,0
session_42,user_1086,Desktop,Australia,Social Media,1,0,0,0,0,0
session_420,user_2250,Desktop,France,Email,1,1,0,0,0,0
session_4200,user_2722,Tablet,India,Email,1,0,0,0,0,0
session_4201,user_2042,Tablet,USA,Direct,1,1,0,0,0,0
session_4202,user_2179,Tablet,Australia,Email,1,1,1,1,1,1
session_4203,user_1582,Tablet,Canada,Google,1,1,1,1,1,1
session_4204,user_1210,Mobile,Canada,Email,1,1,1,1,1,1
session_4205,user_2545,Mobile,USA,Google,1,0,0,0,0,0
session_4206,user_2208,Tablet,Canada,Direct,1,1,0,0,0,0
session_4207,user_2068,Desktop,USA,Google,1,1,0,0,0,0
session_4208,user_1839,Desktop,Germany,Direct,1,1,0,0,0,0
session_4209,user_2210,Tablet,UK,Social Media,1,1,0,0,0,0
session_421,user_2358,Desktop,France,Email,1,0,0,0,0,0
session_4210,user_1077,Tablet,France,Email,1,0,0,0,0,0
session_4211,user_1602,Tablet,India,Direct,1,1,0,0,0,0
session_4212,user_2295,Mobile,Australia,Direct,1,1,0,0,0,0
session_4213,user_2436,Desktop,Australia,Social Media,1,0,0,0,0,0
session_4214,user_1275,Desktop,France,Google,1,1,0,0,0,0
session_4215,user_1584,Tablet,USA,Direct,1,1,0,0,0,0
session_4216,user_1094,Desktop,UK,Email,1,1,0,0,0,0
session_4217,user_1485,Tablet,France,Direct,1,1,0,0,0,0
session_4218,user_1299,Mobile,Germany,Social Media,1,0,0,0,0,0
session_4219,user_2112,Tablet,Germany,Direct,1,1,1,1,1,1
session_422,user_2105,Mobile,Germany,Direct,1,1,0,0,0,0
session_4220,user_2028,Tablet,Australia,Google,1,1,1,1,1,1
session_4221,user_1760,Mobile,India,Social Media,1,1,0,0,0,0
session_4222,user_2810,Mobile,UK,Email,1,1,0,0,0,0
session_4223,user_2694,Mobile,Germany,Email,1,1,0,0,0,0
session_4224,user_2142,Mobile,India,Email,1,1,1,0,0,0
session_4225,user_1813,Desktop,UK,Email,1,0,0,0,0,0
session_4226,user_1802,Desktop,France,Google,1,1,0,0,0,0
session_4227,user_2470,Mobile,UK,Google,1,1,1,1,1,1
session_4228,user_2956,Mobile,USA,Social Media,1,0,0,0,0,0
session_4229,user_2360,Desktop,Australia,Direct,1,1,0,0,0,0
session_423,user_1659,Tablet,UK,Email,1,1,0,0,0,0
session_4230,user_2778,Mobile,Canada,Social Media,1,1,0,0,0,0
session_4231,user_1585,Mobile,India,Email,1,1,1,0,0,0
session_4232,user_2576,Tablet,Canada,Email,1,1,0,0,0,0
session_4233,user_2910,Mobile,Germany,Email,1,0,0,0,0,0
session_4234,user_1948,Mobile,Germany,Social Media,1,1,0,0,0,0
session_4235,user_2544,Mobile,Australia,Email,1,1,0,0,0,0
session_4236,user_2904,Mobile,France,Direct,1,1,1,1,1,1
session_4237,user_2221,Tablet,UK,Google,1,1,1,0,0,0
session_4238,user_1129,Desktop,Germany,Social Media,1,1,1,1,1,1
session_4239,user_2819,Tablet,Canada,Email,1,0,0,0,0,0
session_424,user_2217,Tablet,UK,Social Media,1,0,0,0,0,0
session_4240,user_2972,Mobile,India,Google,1,1,1,1,1,1
session_4241,user_2031,Mobile,Germany,Email,1,1,0,0,0,0
session_4242,user_2925,Desktop,UK,Direct,1,1,0,0,0,0
session_4243,user_2933,Desktop,Germany,Social Media,1,1,0,0,0,0
session_4244,user_1145,Mobile,India,Email,1,1,0,0,0,0
session_4245,user_2500,Tablet,India,Social Media,1,1,0,0,0,0
session_4246,user_2295,Mobile,Germany,Email,1,0,0,0,0,0
session_4247,user_1366,Desktop,India,Google,1,1,0,0,0,0
session_4248,user_2711,Desktop,France,Direct,1,1,1,1,1,1
session_4249,user_1263,Tablet,UK,Email,1,1,1,1,1,1
session_425,user_2547,Tablet,France,Email,1,1,1,0,0,0
session_4250,user_1658,Tablet,USA,Google,1,1,1,1,1,1
session_4251,user_2806,Desktop,USA,Google,1,0,0,0,0,0
session_4252,user_2545,Mobile,Australia,Google,1,1,1,1,1,1
session_4253,user_1548,Tablet,India,Google,1,0,0,0,0,0
session_4254,user_1411,Mobile,India,Social Media,1,1,0,0,0,0
session_4255,user_1310,Desktop,Germany,Social Media,1,1,0,0,0,0
session_4256,user_2449,Tablet,Canada,Social Media,1,1,1,1,1,1
session_4257,user_2728,Mobile,India,Direct,1,0,0,0,0,0
session_4258,user_2729,Desktop,India,Direct,1,1,0,0,0,0
session_4259,user_1925,Mobile,UK,Google,1,1,1,1,1,1
session_426,user_2416,Desktop,Germany,Direct,1,0,0,0,0,0
session_4260,user_1268,Mobile,Australia,Social Media,1,1,0,0,0,0
session_4261,user_2998,Desktop,France,Direct,1,1,0,0,0,0
session_4262,user_1943,Tablet,Australia,Social Media,1,1,0,0,0,0
session_4263,user_2698,Desktop,Australia,Google,1,1,0,0,0,0
session_4264,user_2770,Desktop,Germany,Email,1,1,1,1,1,1
session_4265,user_1523,Desktop,France,Social Media,1,0,0,0,0,0
session_4266,user_1529,Desktop,Australia,Social Media,1,1,1,1,1,1
session_4267,user_1096,Mobile,India,Google,1,1,0,0,0,0
session_4268,user_2904,Mobile,India,Email,1,1,0,0,0,0
session_4269,user_2144,Desktop,Australia,Social Media,1,0,0,0,0,0
session_427,user_2074,Desktop,Australia,Social Media,1,1,0,0,0,0
session_4270,user_1238,Tablet,UK,Email,1,0,0,0,0,0
session_4271,user_2223,Desktop,Canada,Email,1,1,0,0,0,0
session_4272,user_2940,Desktop,UK,Social Media,1,1,0,0,0,0
session_4273,user_2021,Desktop,Australia,Email,1,0,0,0,0,0
session_4274,user_1966,Tablet,USA,Social Media,1,1,0,0,0,0
session_4275,user_2655,Tablet,UK,Social Media,1,1,0,0,0,0
session_4276,user_2605,Tablet,India,Google,1,0,0,0,0,0
session_4277,user_1566,Desktop,India,Google,1,1,1,1,1,1
session_4278,user_1051,Desktop,Canada,Direct,1,1,1,1,1,1
session_4279,user_2135,Desktop,Germany,Email,1,1,0,0,0,0
session_428,user_1813,Mobile,Germany,Email,1,1,1,1,0,0
session_4280,user_2301,Desktop,France,Google,1,1,1,1,1,1
session_4281,user_1251,Desktop,Germany,Google,1,1,1,1,1,1
session_4282,user_1028,Mobile,Germany,Social Media,1,1,0,0,0,0
session_4283,user_1503,Tablet,India,Direct,1,1,0,0,0,0
session_4284,user_1445,Desktop,France,Social Media,1,1,0,0,0,0
session_4285,user_2369,Tablet,USA,Google,1,1,1,1,1,1
session_4286,user_2344,Mobile,India,Email,1,1,0,0,0,0
session_4287,user_2033,Tablet,France,Google,1,1,0,0,0,0
session_4288,user_2347,Tablet,USA,Email,1,1,0,0,0,0
session_4289,user_1033,Tablet,UK,Email,1,1,1,1,1,1
session_429,user_1963,Tablet,USA,Direct,1,1,0,0,0,0
session_4290,user_2184,Tablet,India,Social Media,1,1,0,0,0,0
session_4291,user_1442,Mobile,USA,Email,1,1,1,1,1,1
session_4292,user_2326,Mobile,Australia,Direct,1,1,1,1,1,1
session_4293,user_1440,Desktop,India,Email,1,1,1,0,0,0
session_4294,user_1635,Desktop,Australia,Email,1,1,1,0,0,0
session_4295,user_1561,Desktop,UK,Google,1,0,0,0,0,0
session_4296,user_2521,Desktop,Germany,Social Media,1,1,1,1,1,1
session_4297,user_1413,Desktop,France,Social Media,1,1,0,0,0,0
session_4298,user_2020,Desktop,Germany,Google,1,0,0,0,0,0
session_4299,user_2439,Desktop,USA,Google,1,1,0,0,0,0
session_43,user_1200,Desktop,UK,Google,1,1,0,0,0,0
session_430,user_2809,Tablet,Germany,Google,1,1,1,1,1,1
session_4300,user_1303,Mobile,UK,Social Media,1,0,0,0,0,0
session_4301,user_1898,Mobile,France,Social Media,1,1,0,0,0,0
session_4302,user_1544,Mobile,USA,Social Media,1,1,1,1,0,0
session_4303,user_2979,Mobile,UK,Direct,1,0,0,0,0,0
session_4304,user_2789,Mobile,France,Social Media,1,1,0,0,0,0
session_4305,user_1287,Desktop,India,Email,1,1,1,0,0,0
session_4306,user_1595,Mobile,Germany,Email,1,1,1,1,1,1
session_4307,user_1947,Mobile,France,Direct,1,1,1,1,1,1
session_4308,user_1386,Mobile,India,Social Media,1,1,0,0,0,0
session_4309,user_1386,Desktop,Canada,Google,1,1,1,1,0,0
session_431,user_1374,Mobile,USA,Social Media,1,0,0,0,0,0
session_4310,user_1419,Mobile,UK,Email,1,1,0,0,0,0
session_4311,user_2753,Desktop,France,Google,1,1,1,1,1,1
session_4312,user_2725,Tablet,Germany,Google,1,0,0,0,0,0
session_4313,user_1020,Mobile,France,Email,1,1,0,0,0,0
session_4314,user_2356,Mobile,France,Direct,1,1,0,0,0,0
session_4315,user_1582,Tablet,Germany,Google,1,1,1,1,1,1
session_4316,user_1546,Desktop,India,Social Media,1,1,0,0,0,0
session_4317,user_2728,Tablet,UK,Google,1,1,1,1,1,1
session_4318,user_2390,Desktop,Australia,Google,1,1,1,1,1,1
session_4319,user_2444,Desktop,Australia,Email,1,1,1,0,0,0
session_432,user_1939,Mobile,UK,Google,1,1,0,0,0,0
session_4320,user_2256,Desktop,Canada,Direct,1,1,0,0,0,0
session_4321,user_2802,Desktop,France,Email,1,1,1,1,1,1
session_4322,user_2883,Tablet,USA,Direct,1,1,0,0,0,0
session_4323,user_2879,Desktop,Canada,Social Media,1,1,1,1,1,1
session_4324,user_2722,Desktop,Germany,Direct,1,1,0,0,0,0
session_4325,user_2324,Mobile,India,Google,1,1,0,0,0,0
session_4326,user_2102,Mobile,Germany,Google,1,1,0,0,0,0
session_4327,user_2020,Tablet,UK,Direct,1,1,1,1,1,1
session_4328,user_2835,Desktop,India,Email,1,1,1,1,1,1
session_4329,user_2391,Mobile,Germany,Social Media,1,1,1,1,1,1
session_433,user_2129,Desktop,USA,Email,1,1,0,0,0,0
session_4330,user_2891,Mobile,France,Social Media,1,1,0,0,0,0
session_4331,user_1868,Tablet,Canada,Google,1,1,1,1,1,1
session_4332,user_1184,Mobile,France,Social Media,1,0,0,0,0,0
session_4333,user_2790,Mobile,Canada,Email,1,1,1,1,1,1
session_4334,user_1871,Mobile,Australia,Social Media,1,1,1,1,1,1
session_4335,user_2419,Desktop,Australia,Google,1,0,0,0,0,0
session_4336,user_1135,Tablet,Australia,Google,1,1,0,0,0,0
session_4337,user_2614,Tablet,France,Google,1,1,1,0,0,0
session_4338,user_1580,Desktop,Germany,Social Media,1,1,0,0,0,0
session_4339,user_2293,Desktop,India,Email,1,1,0,0,0,0
session_434,user_1594,Desktop,Canada,Social Media,1,1,1,0,0,0
session_4340,user_2108,Tablet,Australia,Social Media,1,0,0,0,0,0
session_4341,user_2454,Mobile,France,Google,1,1,0,0,0,0
session_4342,user_1235,Desktop,USA,Email,1,1,0,0,0,0
session_4343,user_1247,Tablet,USA,Direct,1,1,0,0,0,0
session_4344,user_1158,Desktop,Germany,Social Media,1,1,0,0,0,0
session_4345,user_1373,Mobile,USA,Email,1,1,1,0,0,0
session_4346,user_2441,Desktop,Canada,Google,1,0,0,0,0,0
session_4347,user_2270,Tablet,Canada,Social Media,1,1,1,1,1,1
session_4348,user_2523,Tablet,France,Social Media,1,1,1,0,0,0
session_4349,user_1276,Mobile,France,Social Media,1,1,0,0,0,0
session_435,user_2857,Desktop,India,Direct,1,1,1,1,1,1
session_4350,user_2479,Desktop,Australia,Email,1,1,0,0,0,0
session_4351,user_1075,Tablet,France,Google,1,1,0,0,0,0
session_4352,user_1465,Desktop,USA,Google,1,0,0,0,0,0
session_4353,user_2836,Desktop,Canada,Email,1,1,0,0,0,0
session_4354,user_1664,Tablet,Australia,Google,1,1,0,0,0,0
session_4355,user_1443,Tablet,India,Google,1,1,0,0,0,0
session_4356,user_1625,Tablet,Canada,Google,1,1,0,0,0,0
session_4357,user_2262,Mobile,India,Google,1,1,1,0,0,0
session_4358,user_2457,Desktop,UK,Social Media,1,1,1,0,0,0
session_4359,user_1612,Mobile,Australia,Google,1,0,0,0,0,0
session_436,user_1189,Mobile,USA,Google,1,1,1,1,1,1
session_4360,user_1338,Tablet,USA,Email,1,0,0,0,0,0
session_4361,user_1738,Mobile,France,Google,1,0,0,0,0,0
session_4362,user_2007,Desktop,Canada,Google,1,1,1,1,1,1
session_4363,user_1098,Desktop,UK,Google,1,1,1,1,1,1
session_4364,user_2040,Desktop,Australia,Social Media,1,1,0,0,0,0
session_4365,user_2789,Desktop,Australia,Email,1,1,1,1,1,1
session_4366,user_1789,Tablet,Australia,Google,1,1,0,0,0,0
session_4367,user_2980,Desktop,India,Direct,1,1,0,0,0,0
session_4368,user_2542,Desktop,USA,Email,1,1,0,0,0,0
session_4369,user_1324,Mobile,Australia,Email,1,1,0,0,0,0
session_437,user_1556,Desktop,France,Email,1,1,0,0,0,0
session_4370,user_1273,Tablet,France,Google,1,1,0,0,0,0
session_4371,user_1920,Tablet,Australia,Social Media,1,1,0,0,0,0
session_4372,user_1049,Tablet,UK,Google,1,1,0,0,0,0
session_4373,user_1169,Desktop,USA,Direct,1,0,0,0,0,0
session_4374,user_2877,Desktop,USA,Google,1,1,1,1,1,1
session_4375,user_2926,Mobile,France,Google,1,0,0,0,0,0
session_4376,user_2569,Desktop,UK,Social Media,1,1,1,1,1,1
session_4377,user_1067,Tablet,Australia,Social Media,1,1,0,0,0,0
session_4378,user_2453,Desktop,Canada,Direct,1,1,0,0,0,0
session_4379,user_2970,Desktop,UK,Direct,1,1,0,0,0,0
session_438,user_2726,Mobile,USA,Direct,1,1,1,1,1,1
session_4380,user_2730,Mobile,UK,Direct,1,1,0,0,0,0
session_4381,user_2007,Tablet,UK,Email,1,0,0,0,0,0
session_4382,user_2840,Mobile,India,Google,1,1,0,0,0,0
session_4383,user_1204,Tablet,France,Social Media,1,0,0,0,0,0
session_4384,user_1734,Tablet,Australia,Social Media,1,1,0,0,0,0
session_4385,user_2012,Desktop,Australia,Email,1,1,0,0,0,0
session_4386,user_2645,Tablet,France,Google,1,1,0,0,0,0
session_4387,user_2783,Tablet,Germany,Direct,1,1,0,0,0,0
session_4388,user_2520,Tablet,USA,Direct,1,1,0,0,0,0
session_4389,user_1772,Tablet,India,Direct,1,1,0,0,0,0
session_439,user_1741,Tablet,UK,Google,1,1,0,0,0,0
session_4390,user_1473,Mobile,Germany,Email,1,0,0,0,0,0
session_4391,user_2621,Tablet,UK,Social Media,1,1,0,0,0,0
session_4392,user_1620,Mobile,France,Direct,1,1,1,1,1,1
session_4393,user_2608,Tablet,UK,Social Media,1,1,1,1,1,1
session_4394,user_1255,Mobile,India,Google,1,1,1,1,1,1
session_4395,user_2679,Tablet,India,Email,1,1,1,1,1,1
session_4396,user_2166,Desktop,Canada,Direct,1,0,0,0,0,0
session_4397,user_1963,Tablet,USA,Social Media,1,0,0,0,0,0
session_4398,user_2397,Tablet,India,Direct,1,1,0,0,0,0
session_4399,user_1939,Desktop,USA,Direct,1,1,1,0,0,0
session_44,user_1390,Desktop,Australia,Email,1,0,0,0,0,0
session_440,user_2749,Desktop,Germany,Social Media,1,1,1,1,0,0
session_4400,user_1342,Mobile,India,Social Media,1,1,1,1,1,1
session_4401,user_1975,Mobile,Canada,Google,1,1,0,0,0,0
session_4402,user_1176,Mobile,USA,Google,1,1,1,0,0,0
session_4403,user_2274,Desktop,India,Email,1,1,0,0,0,0
session_4404,user_1019,Tablet,Germany,Google,1,1,1,1,1,1
session_4405,user_2674,Tablet,France,Social Media,1,1,0,0,0,0
session_4406,user_2531,Mobile,UK,Google,1,1,0,0,0,0
session_4407,user_2440,Mobile,UK,Social Media,1,1,1,0,0,0
session_4408,user_2616,Tablet,France,Email,1,1,0,0,0,0
session_4409,user_1450,Tablet,Germany,Email,1,0,0,0,0,0
session_441,user_1762,Mobile,India,Email,1,1,0,0,0,0
session_4410,user_1024,Desktop,France,Direct,1,1,0,0,0,0
session_4411,user_2398,Mobile,USA,Google,1,1,1,1,1,1
session_4412,user_2565,Mobile,USA,Direct,1,1,0,0,0,0
session_4413,user_2675,Mobile,Canada,Direct,1,1,1,1,1,1
session_4414,user_1865,Tablet,India,Google,1,0,0,0,0,0
session_4415,user_1315,Desktop,USA,Email,1,1,0,0,0,0
session_4416,user_2410,Mobile,France,Direct,1,1,1,0,0,0
session_4417,user_2511,Tablet,Canada,Email,1,1,1,1,1,1
session_4418,user_2706,Mobile,India,Google,1,1,1,1,1,1
session_4419,user_1120,Desktop,France,Google,1,1,1,1,1,1
session_442,user_1448,Desktop,Canada,Social Media,1,1,0,0,0,0
session_4420,user_2847,Mobile,USA,Email,1,1,0,0,0,0
session_4421,user_1792,Mobile,France,Email,1,1,1,1,1,1
session_4422,user_2802,Tablet,India,Social Media,1,1,0,0,0,0
session_4423,user_1525,Tablet,France,Direct,1,1,1,1,1,1
session_4424,user_2806,Desktop,UK,Email,1,1,0,0,0,0
session_4425,user_2127,Tablet,UK,Email,1,1,0,0,0,0
session_4426,user_2175,Desktop,France,Social Media,1,1,0,0,0,0
session_4427,user_2582,Tablet,UK,Email,1,1,0,0,0,0
session_4428,user_2292,Mobile,India,Email,1,1,0,0,0,0
session_4429,user_1411,Desktop,India,Google,1,1,0,0,0,0
session_443,user_1558,Tablet,Canada,Email,1,1,0,0,0,0
session_4430,user_1370,Tablet,India,Google,1,1,1,0,0,0
session_4431,user_1984,Desktop,France,Social Media,1,0,0,0,0,0
session_4432,user_2846,Tablet,Germany,Social Media,1,0,0,0,0,0
session_4433,user_1177,Mobile,UK,Email,1,1,0,0,0,0
session_4434,user_2016,Desktop,UK,Google,1,1,1,1,1,1
session_4435,user_2876,Mobile,Australia,Email,1,1,0,0,0,0
session_4436,user_2509,Desktop,India,Email,1,1,0,0,0,0
session_4437,user_2378,Tablet,Canada,Social Media,1,0,0,0,0,0
session_4438,user_2193,Desktop,France,Social Media,1,1,1,0,0,0
session_4439,user_1563,Tablet,India,Direct,1,1,1,1,1,1
session_444,user_2561,Desktop,USA,Social Media,1,0,0,0,0,0
session_4440,user_1041,Desktop,USA,Social Media,1,1,1,1,1,1
session_4441,user_2987,Mobile,Canada,Email,1,1,0,0,0,0
session_4442,user_2863,Tablet,UK,Email,1,1,1,1,1,1
session_4443,user_2131,Mobile,India,Direct,1,0,0,0,0,0
session_4444,user_2831,Mobile,Australia,Email,1,1,0,0,0,0
session_4445,user_1402,Mobile,France,Direct,1,1,0,0,0,0
session_4446,user_2379,Desktop,Germany,Google,1,1,0,0,0,0
session_4447,user_2319,Mobile,Canada,Google,1,0,0,0,0,0
session_4448,user_1888,Tablet,Australia,Direct,1,1,0,0,0,0
session_4449,user_2100,Tablet,Australia,Google,1,0,0,0,0,0
session_445,user_2485,Mobile,France,Social Media,1,1,0,0,0,0
session_4450,user_2104,Desktop,Germany,Direct,1,1,0,0,0,0
session_4451,user_1232,Tablet,Canada,Google,1,1,1,1,1,1
session_4452,user_1625,Mobile,Canada,Direct,1,1,0,0,0,0
session_4453,user_2778,Mobile,Canada,Email,1,1,0,0,0,0
session_4454,user_2858,Mobile,Canada,Google,1,1,0,0,0,0
session_4455,user_2051,Tablet,India,Email,1,1,0,0,0,0
session_4456,user_1975,Desktop,UK,Email,1,0,0,0,0,0
session_4457,user_1527,Mobile,France,Google,1,1,1,1,1,1
session_4458,user_1364,Tablet,USA,Email,1,0,0,0,0,0
session_4459,user_1196,Mobile,UK,Social Media,1,0,0,0,0,0
session_446,user_2314,Desktop,USA,Google,1,1,1,1,1,1
session_4460,user_2040,Mobile,Germany,Email,1,1,1,1,1,1
session_4461,user_1378,Desktop,Canada,Direct,1,1,0,0,0,0
session_4462,user_2138,Desktop,Canada,Direct,1,1,1,1,1,1
session_4463,user_2779,Tablet,India,Email,1,1,1,0,0,0
session_4464,user_2484,Tablet,India,Google,1,1,1,0,0,0
session_4465,user_1996,Mobile,USA,Google,1,1,1,1,1,1
session_4466,user_1327,Desktop,Germany,Social Media,1,1,0,0,0,0
session_4467,user_1507,Tablet,India,Social Media,1,1,0,0,0,0
session_4468,user_2312,Mobile,UK,Social Media,1,1,0,0,0,0
session_4469,user_2492,Desktop,UK,Google,1,1,0,0,0,0
session_447,user_2512,Mobile,USA,Direct,1,1,0,0,0,0
session_4470,user_1347,Desktop,Australia,Social Media,1,1,0,0,0,0
session_4471,user_1266,Mobile,Germany,Direct,1,1,1,1,1,1
session_4472,user_1403,Mobile,Australia,Social Media,1,0,0,0,0,0
session_4473,user_2666,Tablet,Canada,Social Media,1,1,0,0,0,0
session_4474,user_2033,Mobile,UK,Google,1,1,0,0,0,0
session_4475,user_1164,Mobile,India,Email,1,1,0,0,0,0
session_4476,user_1833,Desktop,France,Email,1,1,0,0,0,0
session_4477,user_2797,Desktop,Canada,Social Media,1,1,1,1,1,1
session_4478,user_1653,Desktop,Canada,Social Media,1,1,1,1,0,0
session_4479,user_1417,Tablet,Australia,Google,1,1,1,0,0,0
session_448,user_2697,Tablet,France,Social Media,1,0,0,0,0,0
session_4480,user_2041,Tablet,UK,Direct,1,1,0,0,0,0
session_4481,user_2661,Desktop,UK,Social Media,1,1,0,0,0,0
session_4482,user_2262,Tablet,UK,Direct,1,1,0,0,0,0
session_4483,user_1366,Mobile,France,Google,1,0,0,0,0,0
session_4484,user_1053,Tablet,Canada,Social Media,1,1,1,1,1,1
session_4485,user_2964,Tablet,France,Email,1,1,1,1,1,1
session_4486,user_1809,Tablet,India,Social Media,1,1,0,0,0,0
session_4487,user_1627,Desktop,Germany,Direct,1,1,0,0,0,0
session_4488,user_1541,Mobile,India,Direct,1,1,0,0,0,0
session_4489,user_1567,Desktop,UK,Email,1,1,0,0,0,0
session_449,user_2278,Desktop,USA,Google,1,1,1,1,1,1
session_4490,user_2924,Desktop,Canada,Social Media,1,0,0,0,0,0
session_4491,user_2023,Desktop,USA,Email,1,1,1,1,1,1
session_4492,user_2794,Tablet,Canada,Social Media,1,1,0,0,0,0
session_4493,user_2282,Desktop,India,Social Media,1,1,0,0,0,0
session_4494,user_1699,Mobile,France,Google,1,1,1,1,1,1
session_4495,user_1563,Tablet,Canada,Social Media,1,0,0,0,0,0
session_4496,user_2403,Mobile,USA,Social Media,1,0,0,0,0,0
session_4497,user_1553,Desktop,France,Email,1,1,1,1,0,0
session_4498,user_1621,Mobile,Germany,Social Media,1,0,0,0,0,0
session_4499,user_2009,Desktop,USA,Social Media,1,1,1,1,1,1
session_45,user_1121,Mobile,USA,Google,1,0,0,0,0,0
session_450,user_2982,Tablet,UK,Email,1,1,1,1,1,1
session_4500,user_1305,Mobile,Canada,Direct,1,0,0,0,0,0
session_4501,user_2620,Tablet,Germany,Direct,1,0,0,0,0,0
session_4502,user_2259,Mobile,Australia,Email,1,1,1,1,1,1
session_4503,user_1793,Mobile,Canada,Google,1,1,1,0,0,0
session_4504,user_1699,Mobile,Germany,Social Media,1,1,0,0,0,0
session_4505,user_1303,Mobile,France,Social Media,1,1,1,1,1,1
session_4506,user_1278,Desktop,Australia,Google,1,1,0,0,0,0
session_4507,user_2386,Desktop,Australia,Direct,1,1,1,0,0,0
session_4508,user_2864,Desktop,UK,Email,1,0,0,0,0,0
session_4509,user_1760,Desktop,India,Email,1,1,1,0,0,0
session_451,user_1451,Mobile,India,Google,1,1,1,1,1,1
session_4510,user_1783,Desktop,Germany,Google,1,1,0,0,0,0
session_4511,user_1407,Mobile,USA,Email,1,1,0,0,0,0
session_4512,user_1385,Tablet,France,Direct,1,0,0,0,0,0
session_4513,user_2231,Mobile,USA,Direct,1,0,0,0,0,0
session_4514,user_2679,Tablet,Germany,Email,1,0,0,0,0,0
session_4515,user_1637,Desktop,Germany,Social Media,1,0,0,0,0,0
session_4516,user_2077,Tablet,UK,Direct,1,1,0,0,0,0
session_4517,user_2721,Tablet,Canada,Google,1,1,1,1,1,1
session_4518,user_1052,Mobile,USA,Google,1,1,1,0,0,0
session_4519,user_1487,Mobile,Germany,Social Media,1,1,0,0,0,0
session_452,user_2295,Tablet,France,Social Media,1,1,1,1,1,1
session_4520,user_2339,Mobile,India,Google,1,1,1,1,1,1
session_4521,user_1921,Desktop,USA,Direct,1,1,1,1,1,1
session_4522,user_1926,Desktop,UK,Google,1,1,0,0,0,0
session_4523,user_1398,Tablet,UK,Google,1,1,0,0,0,0
session_4524,user_1802,Desktop,USA,Direct,1,0,0,0,0,0
session_4525,user_2526,Desktop,UK,Social Media,1,1,0,0,0,0
session_4526,user_1258,Desktop,USA,Social Media,1,1,1,1,1,1
session_4527,user_1240,Tablet,UK,Google,1,1,1,0,0,0
session_4528,user_1691,Mobile,Australia,Email,1,1,0,0,0,0
session_4529,user_2699,Mobile,France,Direct,1,1,1,0,0,0
session_453,user_2004,Tablet,France,Email,1,1,0,0,0,0
session_4530,user_2048,Desktop,UK,Direct,1,1,0,0,0,0
session_4531,user_2727,Mobile,UK,Social Media,1,1,0,0,0,0
session_4532,user_1922,Tablet,India,Social Media,1,1,0,0,0,0
session_4533,user_2713,Mobile,France,Google,1,1,0,0,0,0
session_4534,user_2276,Tablet,India,Email,1,1,0,0,0,0
session_4535,user_2992,Tablet,Germany,Direct,1,1,0,0,0,0
session_4536,user_1520,Mobile,Germany,Google,1,0,0,0,0,0
session_4537,user_1770,Mobile,Germany,Social Media,1,1,1,1,1,1
session_4538,user_2403,Mobile,Canada,Google,1,1,0,0,0,0
session_4539,user_1830,Mobile,Australia,Social Media,1,1,0,0,0,0
session_454,user_1298,Mobile,Canada,Email,1,1,0,0,0,0
session_4540,user_1982,Tablet,Germany,Direct,1,1,1,1,0,0
session_4541,user_2419,Desktop,France,Social Media,1,0,0,0,0,0
session_4542,user_2367,Tablet,USA,Direct,1,1,1,1,1,1
session_4543,user_1323,Tablet,Canada,Google,1,1,0,0,0,0
session_4544,user_1420,Tablet,Germany,Email,1,0,0,0,0,0
session_4545,user_1305,Tablet,USA,Email,1,1,1,1,1,1
session_4546,user_2170,Desktop,Australia,Direct,1,0,0,0,0,0
session_4547,user_2887,Tablet,France,Social Media,1,1,0,0,0,0
session_4548,user_1436,Mobile,Australia,Social Media,1,1,0,0,0,0
session_4549,user_2668,Mobile,USA,Google,1,1,1,0,0,0
session_455,user_2743,Mobile,Germany,Social Media,1,0,0,0,0,0
session_4550,user_2041,Desktop,France,Social Media,1,1,1,1,1,1
session_4551,user_2986,Desktop,India,Google,1,1,0,0,0,0
session_4552,user_1224,Desktop,Australia,Social Media,1,0,0,0,0,0
session_4553,user_1282,Desktop,USA,Google,1,0,0,0,0,0
session_4554,user_1449,Mobile,Germany,Email,1,1,0,0,0,0
session_4555,user_2736,Desktop,Australia,Google,1,1,0,0,0,0
session_4556,user_2714,Tablet,India,Email,1,1,0,0,0,0
session_4557,user_1906,Tablet,India,Email,1,1,1,0,0,0
session_4558,user_2283,Mobile,France,Social Media,1,0,0,0,0,0
session_4559,user_1116,Desktop,Canada,Direct,1,1,1,1,1,1
session_456,user_2299,Mobile,Germany,Google,1,1,0,0,0,0
session_4560,user_2229,Tablet,USA,Google,1,1,1,0,0,0
session_4561,user_1008,Mobile,France,Direct,1,0,0,0,0,0
session_4562,user_1250,Mobile,India,Direct,1,1,0,0,0,0
session_4563,user_1942,Desktop,UK,Direct,1,1,0,0,0,0
session_4564,user_1667,Mobile,USA,Google,1,1,0,0,0,0
session_4565,user_1636,Tablet,Australia,Google,1,1,1,0,0,0
session_4566,user_2960,Tablet,France,Google,1,0,0,0,0,0
session_4567,user_2862,Mobile,Australia,Direct,1,1,0,0,0,0
session_4568,user_1032,Tablet,Australia,Google,1,1,1,0,0,0
session_4569,user_2877,Mobile,India,Email,1,0,0,0,0,0
session_457,user_2410,Desktop,Australia,Social Media,1,1,1,1,1,1
session_4570,user_2501,Desktop,UK,Google,1,1,1,1,1,1
session_4571,user_2860,Desktop,Germany,Google,1,1,0,0,0,0
session_4572,user_1635,Tablet,India,Social Media,1,1,0,0,0,0
session_4573,user_2632,Desktop,Canada,Direct,1,1,1,1,1,1
session_4574,user_1326,Desktop,Germany,Email,1,1,0,0,0,0
session_4575,user_1985,Desktop,USA,Google,1,1,1,1,1,1
session_4576,user_2807,Mobile,USA,Google,1,1,0,0,0,0
session_4577,user_1468,Desktop,USA,Email,1,1,1,0,0,0
session_4578,user_1559,Mobile,Australia,Social Media,1,1,0,0,0,0
session_4579,user_2393,Tablet,India,Google,1,1,1,1,1,1
session_458,user_1729,Desktop,Germany,Direct,1,1,0,0,0,0
session_4580,user_1270,Mobile,India,Social Media,1,1,0,0,0,0
session_4581,user_2329,Mobile,Canada,Google,1,1,0,0,0,0
session_4582,user_1201,Tablet,Australia,Direct,1,1,0,0,0,0
session_4583,user_2394,Tablet,Germany,Social Media,1,1,0,0,0,0
session_4584,user_2422,Mobile,India,Social Media,1,1,0,0,0,0
session_4585,user_1187,Tablet,India,Google,1,1,0,0,0,0
session_4586,user_1922,Desktop,Australia,Direct,1,1,0,0,0,0
session_4587,user_1116,Tablet,France,Google,1,1,0,0,0,0
session_4588,user_1020,Desktop,USA,Google,1,1,0,0,0,0
session_4589,user_2844,Desktop,UK,Social Media,1,1,0,0,0,0
session_459,user_2133,Desktop,Australia,Social Media,1,0,0,0,0,0
session_4590,user_2733,Mobile,UK,Email,1,1,1,0,0,0
session_4591,user_1131,Tablet,UK,Direct,1,1,1,1,1,1
session_4592,user_1920,Desktop,France,Social Media,1,1,0,0,0,0
session_4593,user_2227,Desktop,USA,Google,1,1,0,0,0,0
session_4594,user_1105,Desktop,Germany,Email,1,1,1,1,1,1
session_4595,user_2411,Desktop,USA,Email,1,1,1,0,0,0
session_4596,user_2704,Tablet,Germany,Social Media,1,1,0,0,0,0
session_4597,user_2668,Desktop,Canada,Email,1,1,0,0,0,0
session_4598,user_2544,Desktop,Germany,Google,1,1,0,0,0,0
session_4599,user_2399,Tablet,Canada,Direct,1,1,1,1,1,1
session_46,user_2865,Mobile,Germany,Social Media,1,0,0,0,0,0
session_460,user_2020,Mobile,France,Email,1,0,0,0,0,0
session_4600,user_2498,Tablet,Germany,Email,1,0,0,0,0,0
session_4601,user_1078,Mobile,Canada,Direct,1,1,0,0,0,0
session_4602,user_2399,Desktop,France,Social Media,1,1,0,0,0,0
session_4603,user_2764,Desktop,Australia,Social Media,1,1,0,0,0,0
session_4604,user_2404,Mobile,France,Google,1,1,1,0,0,0
session_4605,user_1254,Tablet,France,Direct,1,1,0,0,0,0
session_4606,user_1338,Mobile,Germany,Social Media,1,1,1,0,0,0
session_4607,user_2711,Tablet,France,Social Media,1,1,0,0,0,0
session_4608,user_1757,Mobile,France,Social Media,1,1,0,0,0,0
session_4609,user_1722,Desktop,Canada,Email,1,1,0,0,0,0
session_461,user_1927,Mobile,UK,Google,1,1,0,0,0,0
session_4610,user_1087,Mobile,USA,Direct,1,1,0,0,0,0
session_4611,user_2459,Tablet,India,Email,1,0,0,0,0,0
session_4612,user_1855,Desktop,Canada,Social Media,1,1,1,1,1,1
session_4613,user_2569,Mobile,Canada,Direct,1,1,0,0,0,0
session_4614,user_1523,Mobile,UK,Email,1,1,1,1,0,0
session_4615,user_1212,Mobile,Canada,Email,1,1,1,1,1,1
session_4616,user_2997,Tablet,USA,Direct,1,1,0,0,0,0
session_4617,user_2494,Desktop,UK,Google,1,1,0,0,0,0
session_4618,user_2471,Desktop,USA,Social Media,1,0,0,0,0,0
session_4619,user_2486,Tablet,Australia,Direct,1,0,0,0,0,0
session_462,user_1123,Desktop,India,Google,1,1,0,0,0,0
session_4620,user_1966,Desktop,USA,Direct,1,1,1,1,1,1
session_4621,user_2889,Desktop,Australia,Email,1,1,1,1,1,1
session_4622,user_2875,Mobile,France,Direct,1,1,0,0,0,0
session_4623,user_1381,Desktop,UK,Google,1,1,1,0,0,0
session_4624,user_2709,Mobile,Canada,Google,1,1,0,0,0,0
session_4625,user_1280,Tablet,Germany,Email,1,1,1,1,1,1
session_4626,user_1535,Tablet,Germany,Social Media,1,1,1,0,0,0
session_4627,user_2139,Desktop,Canada,Google,1,1,1,0,0,0
session_4628,user_1934,Tablet,Germany,Direct,1,1,1,1,1,1
session_4629,user_1730,Mobile,USA,Google,1,1,1,1,1,1
session_463,user_1227,Tablet,India,Direct,1,1,1,1,1,1
session_4630,user_1203,Desktop,UK,Google,1,1,1,1,1,1
session_4631,user_2777,Mobile,France,Google,1,1,0,0,0,0
session_4632,user_2540,Tablet,India,Email,1,0,0,0,0,0
session_4633,user_2634,Desktop,France,Social Media,1,1,0,0,0,0
session_4634,user_2770,Desktop,Germany,Direct,1,1,1,1,1,1
session_4635,user_1018,Mobile,France,Google,1,0,0,0,0,0
session_4636,user_2576,Mobile,USA,Direct,1,1,0,0,0,0
session_4637,user_1558,Desktop,France,Social Media,1,1,0,0,0,0
session_4638,user_2834,Desktop,Australia,Social Media,1,1,0,0,0,0
session_4639,user_1085,Mobile,UK,Email,1,1,0,0,0,0
session_464,user_1141,Desktop,Australia,Social Media,1,0,0,0,0,0
session_4640,user_2488,Mobile,France,Google,1,1,0,0,0,0
session_4641,user_2103,Tablet,Australia,Social Media,1,1,1,1,1,1
session_4642,user_1008,Tablet,Germany,Social Media,1,0,0,0,0,0
session_4643,user_1527,Tablet,India,Email,1,1,1,0,0,0
session_4644,user_2520,Mobile,Canada,Google,1,1,0,0,0,0
session_4645,user_1654,Mobile,France,Google,1,1,0,0,0,0
session_4646,user_2112,Desktop,Germany,Social Media,1,0,0,0,0,0
session_4647,user_2002,Desktop,Australia,Email,1,1,0,0,0,0
session_4648,user_1313,Tablet,Australia,Direct,1,1,0,0,0,0
session_4649,user_2243,Tablet,India,Direct,1,1,1,1,1,1
session_465,user_2302,Tablet,Australia,Direct,1,0,0,0,0,0
session_4650,user_1026,Tablet,Canada,Google,1,1,1,1,1,1
session_4651,user_2549,Mobile,Australia,Google,1,0,0,0,0,0
session_4652,user_2395,Desktop,France,Social Media,1,1,0,0,0,0
session_4653,user_1550,Mobile,Australia,Email,1,1,1,0,0,0
session_4654,user_1789,Mobile,France,Email,1,0,0,0,0,0
session_4655,user_1755,Tablet,USA,Google,1,0,0,0,0,0
session_4656,user_1397,Mobile,USA,Direct,1,0,0,0,0,0
session_4657,user_2308,Desktop,France,Email,1,1,0,0,0,0
session_4658,user_2660,Mobile,Australia,Google,1,1,0,0,0,0
session_4659,user_1909,Desktop,Canada,Direct,1,1,0,0,0,0
session_466,user_1396,Desktop,France,Direct,1,1,0,0,0,0
session_4660,user_2882,Desktop,India,Social Media,1,1,0,0,0,0
session_4661,user_2207,Mobile,Germany,Direct,1,1,0,0,0,0
session_4662,user_2972,Desktop,Germany,Social Media,1,1,0,0,0,0
session_4663,user_2784,Mobile,UK,Social Media,1,1,1,1,1,1
session_4664,user_1885,Mobile,Australia,Google,1,1,1,0,0,0
session_4665,user_1887,Mobile,Germany,Direct,1,1,1,1,0,0
session_4666,user_1794,Desktop,UK,Email,1,1,0,0,0,0
session_4667,user_2804,Tablet,Germany,Google,1,1,0,0,0,0
session_4668,user_2928,Desktop,Germany,Email,1,1,0,0,0,0
session_4669,user_1563,Mobile,India,Google,1,1,0,0,0,0
session_467,user_1589,Desktop,France,Social Media,1,1,0,0,0,0
session_4670,user_2334,Desktop,Canada,Social Media,1,1,0,0,0,0
session_4671,user_1446,Tablet,India,Direct,1,1,0,0,0,0
session_4672,user_2543,Tablet,UK,Direct,1,0,0,0,0,0
session_4673,user_1547,Desktop,Canada,Direct,1,1,1,1,1,1
session_4674,user_1165,Tablet,Germany,Google,1,1,1,1,0,0
session_4675,user_2568,Desktop,Australia,Google,1,1,1,1,0,0
session_4676,user_1225,Tablet,France,Social Media,1,1,1,1,1,1
session_4677,user_2541,Tablet,Germany,Social Media,1,0,0,0,0,0
session_4678,user_1914,Desktop,Canada,Google,1,0,0,0,0,0
session_4679,user_2270,Desktop,UK,Social Media,1,1,0,0,0,0
session_468,user_1022,Tablet,USA,Email,1,0,0,0,0,0
session_4680,user_1016,Tablet,UK,Social Media,1,0,0,0,0,0
session_4681,user_1798,Mobile,UK,Direct,1,1,1,1,1,1
session_4682,user_2343,Desktop,India,Direct,1,1,0,0,0,0
session_4683,user_2669,Mobile,USA,Direct,1,1,0,0,0,0
session_4684,user_1861,Mobile,Canada,Google,1,1,1,0,0,0
session_4685,user_2703,Desktop,UK,Direct,1,1,1,1,1,1
session_4686,user_2668,Mobile,France,Direct,1,1,0,0,0,0
session_4687,user_1062,Tablet,France,Email,1,1,1,1,1,1
session_4688,user_1812,Desktop,Canada,Google,1,1,1,1,1,1
session_4689,user_1458,Mobile,Canada,Direct,1,1,1,1,1,1
session_469,user_1433,Tablet,UK,Email,1,1,0,0,0,0
session_4690,user_1739,Mobile,USA,Google,1,1,0,0,0,0
session_4691,user_1116,Tablet,Canada,Email,1,0,0,0,0,0
session_4692,user_1174,Desktop,USA,Social Media,1,1,0,0,0,0
session_4693,user_2219,Mobile,Germany,Google,1,1,0,0,0,0
session_4694,user_2721,Mobile,Germany,Google,1,0,0,0,0,0
session_4695,user_2074,Tablet,Canada,Google,1,1,1,1,1,1
session_4696,user_2303,Desktop,UK,Social Media,1,1,0,0,0,0
session_4697,user_2892,Mobile,India,Email,1,1,1,1,1,1
session_4698,user_2496,Mobile,France,Email,1,0,0,0,0,0
session_4699,user_2456,Desktop,Canada,Google,1,1,1,1,1,1
session_47,user_2673,Desktop,UK,Email,1,1,1,1,1,1
session_470,user_2343,Desktop,Germany,Direct,1,1,1,1,1,1
session_4700,user_1574,Mobile,Australia,Google,1,1,0,0,0,0
session_4701,user_1870,Desktop,USA,Direct,1,0,0,0,0,0
session_4702,user_2126,Mobile,UK,Direct,1,1,1,1,1,1
session_4703,user_2850,Tablet,France,Google,1,1,1,1,1,1
session_4704,user_1256,Desktop,Canada,Email,1,1,0,0,0,0
session_4705,user_1883,Desktop,UK,Email,1,1,1,0,0,0
session_4706,user_2853,Mobile,Germany,Social Media,1,1,0,0,0,0
session_4707,user_2043,Mobile,India,Google,1,1,1,0,0,0
session_4708,user_1591,Mobile,Australia,Direct,1,0,0,0,0,0
session_4709,user_2624,Tablet,USA,Social Media,1,0,0,0,0,0
session_471,user_2880,Desktop,USA,Google,1,1,0,0,0,0
session_4710,user_1470,Desktop,Canada,Google,1,1,1,1,1,1
session_4711,user_2518,Mobile,India,Email,1,1,0,0,0,0
session_4712,user_2982,Mobile,UK,Email,1,1,1,1,1,1
session_4713,user_2557,Tablet,UK,Direct,1,1,1,1,1,1
session_4714,user_1636,Desktop,Germany,Social Media,1,1,0,0,0,0
session_4715,user_2018,Desktop,USA,Direct,1,1,0,0,0,0
session_4716,user_1104,Tablet,Canada,Social Media,1,1,0,0,0,0
session_4717,user_2317,Mobile,India,Email,1,1,1,1,1,1
session_4718,user_2037,Tablet,Canada,Google,1,1,0,0,0,0
session_4719,user_3000,Desktop,Australia,Social Media,1,1,1,1,1,1
session_472,user_1355,Tablet,Canada,Social Media,1,1,1,1,1,1
session_4720,user_2629,Tablet,UK,Direct,1,1,0,0,0,0
session_4721,user_1694,Desktop,Australia,Social Media,1,1,1,1,1,1
session_4722,user_1769,Desktop,Germany,Social Media,1,1,1,1,1,1
session_4723,user_2397,Desktop,USA,Email,1,1,1,0,0,0
session_4724,user_2031,Mobile,USA,Direct,1,1,0,0,0,0
session_4725,user_1812,Mobile,Canada,Direct,1,1,0,0,0,0
session_4726,user_1052,Mobile,India,Google,1,1,0,0,0,0
session_4727,user_2589,Tablet,USA,Social Media,1,1,0,0,0,0
session_4728,user_1059,Desktop,India,Social Media,1,0,0,0,0,0
session_4729,user_1860,Tablet,France,Google,1,1,0,0,0,0
session_473,user_1362,Tablet,India,Direct,1,1,1,0,0,0
session_4730,user_2519,Tablet,Canada,Social Media,1,1,0,0,0,0
session_4731,user_1058,Tablet,USA,Google,1,1,1,1,1,1
session_4732,user_1668,Mobile,USA,Google,1,1,1,1,1,1
session_4733,user_2000,Tablet,France,Direct,1,1,0,0,0,0
session_4734,user_2715,Desktop,Australia,Email,1,1,0,0,0,0
session_4735,user_2300,Mobile,Germany,Email,1,0,0,0,0,0
session_4736,user_1688,Mobile,Germany,Email,1,1,1,1,1,1
session_4737,user_2274,Tablet,India,Social Media,1,1,0,0,0,0
session_4738,user_1747,Tablet,Germany,Email,1,1,1,0,0,0
session_4739,user_1908,Tablet,Australia,Google,1,0,0,0,0,0
session_474,user_1345,Tablet,Australia,Direct,1,1,1,0,0,0
session_4740,user_2272,Tablet,France,Social Media,1,1,1,1,1,1
session_4741,user_2047,Mobile,UK,Direct,1,1,1,0,0,0
session_4742,user_2962,Mobile,France,Email,1,1,0,0,0,0
session_4743,user_1911,Tablet,USA,Email,1,0,0,0,0,0
session_4744,user_2091,Desktop,UK,Email,1,1,1,0,0,0
session_4745,user_1826,Tablet,Canada,Email,1,1,1,0,0,0
session_4746,user_1136,Mobile,Germany,Email,1,1,0,0,0,0
session_4747,user_1855,Desktop,India,Direct,1,1,0,0,0,0
session_4748,user_1166,Tablet,France,Social Media,1,1,0,0,0,0
session_4749,user_2138,Tablet,USA,Social Media,1,1,0,0,0,0
session_475,user_1818,Mobile,UK,Google,1,1,0,0,0,0
session_4750,user_1990,Mobile,France,Social Media,1,1,0,0,0,0
session_4751,user_2467,Mobile,Canada,Social Media,1,1,0,0,0,0
session_4752,user_2454,Tablet,Canada,Direct,1,1,1,0,0,0
session_4753,user_2546,Tablet,Canada,Social Media,1,1,1,0,0,0
session_4754,user_2689,Desktop,Australia,Google,1,1,1,0,0,0
session_4755,user_2424,Desktop,Canada,Social Media,1,1,0,0,0,0
session_4756,user_1577,Tablet,Australia,Social Media,1,1,0,0,0,0
session_4757,user_1903,Desktop,Germany,Google,1,1,1,1,1,1
session_4758,user_2738,Tablet,USA,Email,1,1,1,0,0,0
session_4759,user_2657,Mobile,Australia,Google,1,1,0,0,0,0
session_476,user_2291,Tablet,India,Social Media,1,0,0,0,0,0
session_4760,user_2842,Mobile,Canada,Google,1,0,0,0,0,0
session_4761,user_2517,Desktop,India,Email,1,1,1,0,0,0
session_4762,user_1429,Desktop,Canada,Email,1,0,0,0,0,0
session_4763,user_1997,Desktop,Germany,Google,1,1,0,0,0,0
session_4764,user_1495,Tablet,UK,Direct,1,1,0,0,0,0
session_4765,user_1214,Desktop,Australia,Direct,1,1,0,0,0,0
session_4766,user_2552,Desktop,Germany,Social Media,1,1,1,0,0,0
session_4767,user_1427,Mobile,Australia,Google,1,1,0,0,0,0
session_4768,user_2608,Mobile,Canada,Email,1,0,0,0,0,0
session_4769,user_1660,Tablet,Germany,Email,1,1,1,0,0,0
session_477,user_2278,Tablet,Australia,Direct,1,1,1,0,0,0
session_4770,user_2799,Desktop,France,Google,1,1,1,1,1,1
session_4771,user_1885,Desktop,Germany,Google,1,1,1,1,1,1
session_4772,user_2653,Mobile,UK,Direct,1,1,0,0,0,0
session_4773,user_1391,Tablet,Germany,Google,1,1,0,0,0,0
session_4774,user_1379,Desktop,France,Email,1,1,1,1,1,1
session_4775,user_1448,Mobile,Australia,Email,1,1,0,0,0,0
session_4776,user_2730,Desktop,France,Social Media,1,0,0,0,0,0
session_4777,user_2490,Tablet,France,Social Media,1,1,1,0,0,0
session_4778,user_1065,Desktop,Canada,Direct,1,1,0,0,0,0
session_4779,user_2633,Tablet,France,Social Media,1,1,0,0,0,0
session_478,user_1611,Desktop,Australia,Social Media,1,1,0,0,0,0
session_4780,user_1971,Mobile,Canada,Email,1,1,0,0,0,0
session_4781,user_2300,Mobile,USA,Social Media,1,1,0,0,0,0
session_4782,user_2017,Mobile,Canada,Social Media,1,1,1,0,0,0
session_4783,user_1429,Mobile,India,Direct,1,1,0,0,0,0
session_4784,user_1523,Tablet,France,Email,1,1,1,1,1,1
session_4785,user_2723,Mobile,Germany,Social Media,1,1,0,0,0,0
session_4786,user_1200,Mobile,USA,Social Media,1,0,0,0,0,0
session_4787,user_1087,Mobile,Australia,Social Media,1,1,0,0,0,0
session_4788,user_2042,Mobile,Canada,Email,1,1,0,0,0,0
session_4789,user_2683,Tablet,USA,Direct,1,1,0,0,0,0
session_479,user_1737,Desktop,UK,Direct,1,1,0,0,0,0
session_4790,user_1025,Mobile,UK,Google,1,1,1,0,0,0
session_4791,user_2218,Mobile,Canada,Google,1,1,1,1,1,1
session_4792,user_2243,Desktop,Germany,Google,1,1,0,0,0,0
session_4793,user_2473,Mobile,France,Direct,1,1,0,0,0,0
session_4794,user_1967,Desktop,France,Google,1,1,1,1,1,1
session_4795,user_2876,Mobile,UK,Google,1,0,0,0,0,0
session_4796,user_1213,Mobile,France,Social Media,1,0,0,0,0,0
session_4797,user_1915,Desktop,Germany,Social Media,1,1,0,0,0,0
session_4798,user_1943,Desktop,Canada,Email,1,1,0,0,0,0
session_4799,user_1262,Desktop,Australia,Social Media,1,1,0,0,0,0
session_48,user_1035,Desktop,Australia,Social Media,1,1,0,0,0,0
session_480,user_1589,Desktop,Australia,Email,1,1,0,0,0,0
session_4800,user_1442,Desktop,Canada,Social Media,1,1,0,0,0,0
session_4801,user_1959,Tablet,Australia,Google,1,1,1,1,1,1
session_4802,user_2366,Mobile,UK,Google,1,1,0,0,0,0
session_4803,user_2252,Desktop,France,Social Media,1,0,0,0,0,0
session_4804,user_2847,Tablet,Germany,Social Media,1,1,0,0,0,0
session_4805,user_2070,Desktop,UK,Google,1,1,0,0,0,0
session_4806,user_2553,Desktop,Australia,Direct,1,1,0,0,0,0
session_4807,user_1462,Mobile,India,Email,1,0,0,0,0,0
session_4808,user_1814,Desktop,France,Social Media,1,1,0,0,0,0
session_4809,user_1159,Desktop,Germany,Social Media,1,1,1,1,1,1
session_481,user_1622,Desktop,France,Google,1,0,0,0,0,0
session_4810,user_2506,Tablet,UK,Email,1,0,0,0,0,0
session_4811,user_2961,Desktop,Germany,Social Media,1,1,1,1,0,0
session_4812,user_1314,Desktop,Germany,Social Media,1,1,0,0,0,0
session_4813,user_2319,Mobile,USA,Direct,1,1,1,1,1,1
session_4814,user_1953,Desktop,Australia,Direct,1,1,0,0,0,0
session_4815,user_1419,Tablet,France,Google,1,1,0,0,0,0
session_4816,user_2642,Desktop,France,Social Media,1,0,0,0,0,0
session_4817,user_2290,Mobile,Australia,Google,1,1,0,0,0,0
session_4818,user_2379,Tablet,Canada,Direct,1,1,0,0,0,0
session_4819,user_2529,Desktop,Australia,Social Media,1,0,0,0,0,0
session_482,user_1819,Desktop,UK,Social Media,1,1,1,1,0,0
session_4820,user_1906,Desktop,France,Direct,1,1,0,0,0,0
session_4821,user_1058,Desktop,Germany,Email,1,1,0,0,0,0
session_4822,user_1061,Tablet,Australia,Google,1,1,0,0,0,0
session_4823,user_1733,Mobile,India,Social Media,1,1,0,0,0,0
session_4824,user_2851,Mobile,France,Direct,1,0,0,0,0,0
session_4825,user_1334,Mobile,UK,Direct,1,0,0,0,0,0
session_4826,user_2119,Desktop,France,Google,1,1,1,0,0,0
session_4827,user_2616,Mobile,Australia,Google,1,0,0,0,0,0
session_4828,user_2509,Tablet,India,Email,1,1,1,1,1,1
session_4829,user_2284,Mobile,Canada,Direct,1,0,0,0,0,0
session_483,user_1052,Tablet,UK,Google,1,0,0,0,0,0
session_4830,user_2063,Tablet,Canada,Direct,1,0,0,0,0,0
session_4831,user_2955,Desktop,France,Direct,1,1,1,1,1,1
session_4832,user_2938,Desktop,Canada,Direct,1,1,0,0,0,0
session_4833,user_1294,Tablet,France,Email,1,1,0,0,0,0
session_4834,user_1823,Tablet,India,Google,1,1,0,0,0,0
session_4835,user_1839,Tablet,UK,Email,1,1,0,0,0,0
session_4836,user_2627,Tablet,USA,Social Media,1,0,0,0,0,0
session_4837,user_1755,Mobile,USA,Social Media,1,0,0,0,0,0
session_4838,user_1777,Desktop,UK,Google,1,1,0,0,0,0
session_4839,user_1917,Desktop,France,Email,1,1,0,0,0,0
session_484,user_1922,Mobile,Germany,Google,1,1,1,1,1,1
session_4840,user_2896,Tablet,France,Google,1,1,0,0,0,0
session_4841,user_2987,Mobile,USA,Social Media,1,0,0,0,0,0
session_4842,user_2304,Mobile,Australia,Email,1,1,1,1,1,1
session_4843,user_2048,Mobile,Canada,Email,1,1,0,0,0,0
session_4844,user_2697,Tablet,USA,Direct,1,1,1,1,1,1
session_4845,user_2575,Desktop,Canada,Email,1,1,0,0,0,0
session_4846,user_2440,Desktop,Germany,Social Media,1,1,0,0,0,0
session_4847,user_1913,Mobile,UK,Social Media,1,1,0,0,0,0
session_4848,user_2573,Mobile,India,Email,1,1,0,0,0,0
session_4849,user_1014,Desktop,India,Social Media,1,1,1,1,1,1
session_485,user_1933,Mobile,UK,Direct,1,0,0,0,0,0
session_4850,user_1446,Desktop,Australia,Direct,1,0,0,0,0,0
session_4851,user_2892,Mobile,USA,Direct,1,1,0,0,0,0
session_4852,user_2385,Desktop,India,Google,1,1,0,0,0,0
session_4853,user_2442,Desktop,Germany,Social Media,1,1,0,0,0,0
session_4854,user_1711,Mobile,France,Google,1,1,0,0,0,0
session_4855,user_1495,Mobile,India,Direct,1,1,0,0,0,0
session_4856,user_1475,Mobile,France,Direct,1,1,0,0,0,0
session_4857,user_2449,Mobile,Canada,Social Media,1,0,0,0,0,0
session_4858,user_1245,Tablet,France,Google,1,0,0,0,0,0
session_4859,user_2027,Mobile,UK,Social Media,1,1,0,0,0,0
session_486,user_2817,Desktop,UK,Direct,1,1,0,0,0,0
session_4860,user_2168,Mobile,Australia,Social Media,1,1,0,0,0,0
session_4861,user_1237,Tablet,Australia,Email,1,1,0,0,0,0
session_4862,user_1718,Tablet,Germany,Email,1,0,0,0,0,0
session_4863,user_1594,Tablet,USA,Google,1,1,0,0,0,0
session_4864,user_2436,Mobile,USA,Social Media,1,1,1,0,0,0
session_4865,user_1460,Tablet,India,Direct,1,1,0,0,0,0
session_4866,user_2899,Tablet,USA,Direct,1,0,0,0,0,0
session_4867,user_1063,Tablet,France,Direct,1,0,0,0,0,0
session_4868,user_1762,Tablet,UK,Social Media,1,1,0,0,0,0
session_4869,user_2311,Mobile,India,Direct,1,0,0,0,0,0
session_487,user_1139,Tablet,Australia,Direct,1,0,0,0,0,0
session_4870,user_2911,Desktop,USA,Direct,1,0,0,0,0,0
session_4871,user_2131,Mobile,Germany,Direct,1,1,0,0,0,0
session_4872,user_2462,Mobile,France,Email,1,0,0,0,0,0
session_4873,user_2791,Tablet,USA,Social Media,1,1,1,0,0,0
session_4874,user_2825,Desktop,UK,Email,1,0,0,0,0,0
session_4875,user_2922,Tablet,UK,Google,1,1,0,0,0,0
session_4876,user_2041,Mobile,Canada,Social Media,1,0,0,0,0,0
session_4877,user_1681,Desktop,India,Social Media,1,1,1,1,1,1
session_4878,user_2579,Tablet,Australia,Social Media,1,1,0,0,0,0
session_4879,user_1362,Tablet,USA,Email,1,1,1,1,1,1
session_488,user_2165,Desktop,Germany,Social Media,1,1,1,1,1,1
session_4880,user_2102,Tablet,USA,Direct,1,1,0,0,0,0
session_4881,user_2650,Desktop,India,Google,1,1,1,0,0,0
session_4882,user_1731,Mobile,Germany,Google,1,1,0,0,0,0
session_4883,user_2145,Tablet,UK,Direct,1,1,1,1,1,1
session_4884,user_1717,Mobile,India,Direct,1,1,1,1,1,1
session_4885,user_1092,Mobile,India,Social Media,1,1,0,0,0,0
session_4886,user_2739,Mobile,Germany,Direct,1,1,1,1,1,1
session_4887,user_2095,Desktop,Germany,Direct,1,1,1,1,0,0
session_4888,user_2242,Mobile,Australia,Social Media,1,1,0,0,0,0
session_4889,user_2993,Tablet,France,Google,1,1,1,0,0,0
session_489,user_2040,Tablet,USA,Direct,1,1,0,0,0,0
session_4890,user_1624,Desktop,Australia,Social Media,1,0,0,0,0,0
session_4891,user_1252,Tablet,France,Email,1,1,0,0,0,0
session_4892,user_2917,Desktop,USA,Direct,1,0,0,0,0,0
session_4893,user_1023,Tablet,UK,Email,1,1,0,0,0,0
session_4894,user_1377,Mobile,France,Direct,1,1,0,0,0,0
session_4895,user_2785,Tablet,India,Email,1,0,0,0,0,0
session_4896,user_1030,Mobile,India,Social Media,1,0,0,0,0,0
session_4897,user_1007,Desktop,Australia,Email,1,1,1,1,1,1
session_4898,user_1883,Desktop,USA,Direct,1,1,1,1,1,1
session_4899,user_2746,Desktop,Canada,Google,1,1,0,0,0,0
session_49,user_1439,Tablet,USA,Email,1,1,1,1,1,1
session_490,user_2020,Mobile,Canada,Direct,1,1,1,0,0,0
session_4900,user_2517,Tablet,Germany,Social Media,1,0,0,0,0,0
session_4901,user_2290,Tablet,Australia,Email,1,1,0,0,0,0
session_4902,user_1835,Mobile,France,Google,1,0,0,0,0,0
session_4903,user_1485,Desktop,Germany,Direct,1,1,0,0,0,0
session_4904,user_2883,Mobile,Canada,Google,1,1,1,1,1,1
session_4905,user_2844,Tablet,France,Social Media,1,1,0,0,0,0
session_4906,user_1072,Mobile,India,Direct,1,1,1,1,0,0
session_4907,user_1309,Tablet,USA,Email,1,1,1,1,0,0
session_4908,user_1959,Tablet,USA,Direct,1,1,0,0,0,0
session_4909,user_2008,Tablet,India,Social Media,1,0,0,0,0,0
session_491,user_2812,Mobile,Canada,Email,1,1,0,0,0,0
session_4910,user_1668,Mobile,USA,Social Media,1,1,0,0,0,0
session_4911,user_2377,Desktop,UK,Google,1,1,1,1,1,1
session_4912,user_2398,Mobile,India,Google,1,1,0,0,0,0
session_4913,user_1017,Mobile,UK,Email,1,1,0,0,0,0
session_4914,user_2056,Desktop,USA,Direct,1,1,1,1,1,1
session_4915,user_1749,Tablet,Germany,Email,1,1,0,0,0,0
session_4916,user_2873,Tablet,Australia,Email,1,0,0,0,0,0
session_4917,user_1142,Desktop,India,Social Media,1,1,1,1,1,1
session_4918,user_1106,Tablet,USA,Email,1,1,0,0,0,0
session_4919,user_2534,Desktop,Germany,Direct,1,0,0,0,0,0
session_492,user_1914,Mobile,USA,Google,1,1,0,0,0,0
session_4920,user_2195,Desktop,Canada,Direct,1,1,0,0,0,0
session_4921,user_2217,Tablet,France,Social Media,1,1,0,0,0,0
session_4922,user_2435,Mobile,Australia,Social Media,1,1,0,0,0,0
session_4923,user_1127,Tablet,Canada,Google,1,1,1,1,1,1
session_4924,user_2913,Desktop,Australia,Email,1,1,1,0,0,0
session_4925,user_2853,Mobile,India,Google,1,0,0,0,0,0
session_4926,user_1943,Desktop,Germany,Email,1,0,0,0,0,0
session_4927,user_2839,Desktop,Germany,Google,1,0,0,0,0,0
session_4928,user_2222,Desktop,India,Direct,1,1,0,0,0,0
session_4929,user_1868,Tablet,Canada,Email,1,1,1,0,0,0
session_493,user_2697,Tablet,UK,Email,1,1,0,0,0,0
session_4930,user_2963,Tablet,Germany,Email,1,1,0,0,0,0
session_4931,user_1171,Mobile,Germany,Email,1,1,0,0,0,0
session_4932,user_1508,Mobile,Germany,Email,1,0,0,0,0,0
session_4933,user_1309,Mobile,USA,Email,1,0,0,0,0,0
session_4934,user_1705,Desktop,France,Email,1,1,0,0,0,0
session_4935,user_1043,Mobile,India,Direct,1,1,1,0,0,0
session_4936,user_1181,Tablet,UK,Google,1,1,0,0,0,0
session_4937,user_1623,Desktop,USA,Social Media,1,0,0,0,0,0
session_4938,user_1580,Mobile,India,Direct,1,1,0,0,0,0
session_4939,user_1571,Tablet,Germany,Direct,1,1,0,0,0,0
session_494,user_2188,Desktop,Canada,Google,1,1,0,0,0,0
session_4940,user_1055,Mobile,France,Direct,1,1,1,0,0,0
session_4941,user_2787,Desktop,Canada,Direct,1,1,1,1,1,1
session_4942,user_2265,Desktop,UK,Email,1,1,1,0,0,0
session_4943,user_2240,Mobile,India,Google,1,1,1,1,1,1
session_4944,user_1684,Tablet,Australia,Google,1,1,0,0,0,0
session_4945,user_1878,Tablet,Germany,Email,1,1,0,0,0,0
session_4946,user_2985,Desktop,USA,Google,1,1,1,1,0,0
session_4947,user_2765,Desktop,Australia,Google,1,1,1,0,0,0
session_4948,user_2533,Mobile,USA,Google,1,1,0,0,0,0
session_4949,user_1453,Desktop,France,Email,1,1,1,0,0,0
session_495,user_1555,Desktop,UK,Google,1,1,0,0,0,0
session_4950,user_2239,Desktop,India,Google,1,1,0,0,0,0
session_4951,user_2043,Desktop,Canada,Social Media,1,0,0,0,0,0
session_4952,user_2319,Mobile,Australia,Social Media,1,1,1,0,0,0
session_4953,user_1220,Desktop,Australia,Email,1,0,0,0,0,0
session_4954,user_1903,Mobile,UK,Email,1,0,0,0,0,0
session_4955,user_1203,Tablet,France,Social Media,1,1,0,0,0,0
session_4956,user_1851,Tablet,India,Social Media,1,0,0,0,0,0
session_4957,user_2703,Tablet,India,Google,1,1,1,1,0,0
session_4958,user_1976,Desktop,Canada,Google,1,1,0,0,0,0
session_4959,user_1638,Tablet,Australia,Social Media,1,1,0,0,0,0
session_496,user_2939,Tablet,Australia,Social Media,1,1,0,0,0,0
session_4960,user_2273,Desktop,France,Social Media,1,1,1,1,0,0
session_4961,user_1225,Desktop,Germany,Google,1,0,0,0,0,0
session_4962,user_1857,Mobile,Australia,Social Media,1,0,0,0,0,0
session_4963,user_2479,Mobile,India,Direct,1,1,1,0,0,0
session_4964,user_1828,Tablet,France,Direct,1,1,0,0,0,0
session_4965,user_2458,Tablet,Australia,Email,1,1,1,1,1,1
session_4966,user_1088,Tablet,USA,Social Media,1,1,0,0,0,0
session_4967,user_1544,Desktop,Canada,Direct,1,1,0,0,0,0
session_4968,user_2366,Desktop,Australia,Email,1,1,1,1,1,1
session_4969,user_2984,Mobile,Australia,Google,1,1,0,0,0,0
session_497,user_1646,Tablet,France,Email,1,0,0,0,0,0
session_4970,user_1297,Mobile,France,Direct,1,1,0,0,0,0
session_4971,user_1399,Desktop,Germany,Social Media,1,1,1,1,1,1
session_4972,user_2570,Mobile,France,Social Media,1,1,0,0,0,0
session_4973,user_2635,Tablet,India,Social Media,1,0,0,0,0,0
session_4974,user_1084,Mobile,France,Social Media,1,1,0,0,0,0
session_4975,user_1899,Tablet,USA,Direct,1,1,1,1,1,1
session_4976,user_1463,Desktop,Canada,Social Media,1,1,0,0,0,0
session_4977,user_1736,Mobile,Canada,Social Media,1,1,1,0,0,0
session_4978,user_1225,Desktop,India,Direct,1,1,1,0,0,0
session_4979,user_2308,Tablet,USA,Social Media,1,1,1,1,1,1
session_498,user_2825,Tablet,Australia,Google,1,1,0,0,0,0
session_4980,user_2257,Desktop,Australia,Direct,1,1,0,0,0,0
session_4981,user_1175,Desktop,Canada,Email,1,1,1,1,1,1
session_4982,user_1434,Desktop,France,Email,1,0,0,0,0,0
session_4983,user_2068,Tablet,India,Social Media,1,1,0,0,0,0
session_4984,user_2246,Desktop,USA,Email,1,1,1,1,1,1
session_4985,user_2587,Desktop,India,Email,1,1,0,0,0,0
session_4986,user_2317,Desktop,France,Google,1,0,0,0,0,0
session_4987,user_2647,Mobile,Germany,Google,1,1,0,0,0,0
session_4988,user_2026,Tablet,France,Google,1,1,0,0,0,0
session_4989,user_1078,Tablet,India,Direct,1,1,1,1,1,1
session_499,user_2282,Tablet,France,Google,1,1,0,0,0,0
session_4990,user_2373,Tablet,Germany,Direct,1,1,0,0,0,0
session_4991,user_1767,Mobile,Australia,Direct,1,0,0,0,0,0
session_4992,user_1913,Mobile,India,Google,1,0,0,0,0,0
session_4993,user_2750,Mobile,USA,Direct,1,1,0,0,0,0
session_4994,user_2052,Mobile,USA,Google,1,1,0,0,0,0
session_4995,user_1262,Mobile,India,Google,1,0,0,0,0,0
session_4996,user_1354,Desktop,Germany,Email,1,1,0,0,0,0
session_4997,user_2646,Desktop,Germany,Social Media,1,0,0,0,0,0
session_4998,user_1040,Tablet,Germany,Google,1,1,0,0,0,0
session_4999,user_1541,Mobile,Germany,Social Media,1,0,0,0,0,0
session_5,user_2216,Desktop,UK,Email,1,1,1,1,1,1
session_50,user_1609,Mobile,UK,Direct,1,1,0,0,0,0
session_500,user_1644,Desktop,India,Email,1,0,0,0,0,0
session_501,user_2327,Desktop,Australia,Google,1,1,0,0,0,0
session_502,user_1692,Desktop,Germany,Social Media,1,1,0,0,0,0
session_503,user_1362,Desktop,Australia,Email,1,1,0,0,0,0
session_504,user_2831,Tablet,USA,Google,1,1,0,0,0,0
session_505,user_2471,Tablet,Canada,Social Media,1,1,0,0,0,0
session_506,user_1222,Desktop,Germany,Social Media,1,0,0,0,0,0
session_507,user_2426,Desktop,UK,Direct,1,1,0,0,0,0
session_508,user_1363,Mobile,Germany,Google,1,1,1,1,1,1
session_509,user_1424,Tablet,Canada,Email,1,0,0,0,0,0
session_51,user_2808,Desktop,France,Social Media,1,1,1,1,1,1
session_510,user_2442,Desktop,Australia,Direct,1,1,0,0,0,0
session_511,user_1721,Desktop,Canada,Email,1,1,0,0,0,0
session_512,user_2522,Tablet,France,Direct,1,1,0,0,0,0
session_513,user_1422,Mobile,Australia,Direct,1,1,0,0,0,0
session_514,user_2866,Mobile,Canada,Google,1,0,0,0,0,0
session_515,user_2231,Desktop,UK,Social Media,1,1,0,0,0,0
session_516,user_1436,Desktop,France,Social Media,1,1,0,0,0,0
session_517,user_2202,Desktop,Australia,Email,1,0,0,0,0,0
session_518,user_2394,Desktop,Canada,Social Media,1,1,0,0,0,0
session_519,user_1161,Desktop,Germany,Google,1,1,1,1,1,1
session_52,user_1532,Tablet,Canada,Social Media,1,1,0,0,0,0
session_520,user_1469,Tablet,India,Direct,1,0,0,0,0,0
session_521,user_1815,Desktop,Germany,Email,1,1,1,0,0,0
session_522,user_2538,Tablet,Canada,Email,1,0,0,0,0,0
session_523,user_2326,Tablet,France,Social Media,1,1,0,0,0,0
session_524,user_1135,Tablet,India,Email,1,1,0,0,0,0
session_525,user_2958,Mobile,Canada,Email,1,1,0,0,0,0
session_526,user_2235,Tablet,USA,Google,1,1,0,0,0,0
session_527,user_1864,Tablet,UK,Google,1,1,0,0,0,0
session_528,user_2100,Desktop,Germany,Social Media,1,1,0,0,0,0
session_529,user_1480,Tablet,India,Direct,1,0,0,0,0,0
session_53,user_2816,Desktop,India,Email,1,0,0,0,0,0
session_530,user_2415,Mobile,Canada,Google,1,1,1,1,1,1
session_531,user_1796,Desktop,USA,Google,1,1,0,0,0,0
session_532,user_2026,Tablet,UK,Email,1,0,0,0,0,0
session_533,user_2736,Mobile,Canada,Google,1,1,0,0,0,0
session_534,user_2801,Desktop,USA,Direct,1,1,1,0,0,0
session_535,user_2198,Mobile,USA,Social Media,1,1,1,1,1,1
session_536,user_1651,Desktop,India,Google,1,0,0,0,0,0
session_537,user_2948,Desktop,Canada,Google,1,1,0,0,0,0
session_538,user_1113,Desktop,UK,Social Media,1,0,0,0,0,0
session_539,user_2246,Desktop,India,Google,1,1,0,0,0,0
session_54,user_1856,Desktop,India,Email,1,1,0,0,0,0
session_540,user_2340,Tablet,Australia,Direct,1,1,0,0,0,0
session_541,user_1661,Desktop,Germany,Google,1,1,0,0,0,0
session_542,user_1561,Tablet,UK,Social Media,1,1,0,0,0,0
session_543,user_1672,Tablet,India,Social Media,1,1,1,1,1,1
session_544,user_1353,Tablet,France,Direct,1,0,0,0,0,0
session_545,user_1573,Mobile,Australia,Google,1,1,0,0,0,0
session_546,user_1859,Mobile,Germany,Email,1,1,0,0,0,0
session_547,user_2786,Tablet,Australia,Direct,1,1,0,0,0,0
session_548,user_2581,Mobile,Canada,Social Media,1,1,1,1,1,1
session_549,user_1733,Desktop,Canada,Direct,1,1,0,0,0,0
session_55,user_2771,Tablet,UK,Google,1,1,0,0,0,0
session_550,user_1960,Tablet,India,Social Media,1,1,1,0,0,0
session_551,user_1364,Tablet,France,Email,1,1,0,0,0,0
session_552,user_2374,Tablet,Canada,Google,1,1,1,0,0,0
session_553,user_2324,Tablet,Canada,Direct,1,0,0,0,0,0
session_554,user_2220,Desktop,UK,Google,1,1,1,1,1,1
session_555,user_2298,Tablet,UK,Direct,1,1,0,0,0,0
session_556,user_2821,Mobile,USA,Social Media,1,1,1,1,1,1
session_557,user_1558,Mobile,Australia,Email,1,1,0,0,0,0
session_558,user_1682,Mobile,France,Social Media,1,1,0,0,0,0
session_559,user_1708,Mobile,UK,Social Media,1,1,1,1,1,1
session_56,user_1425,Tablet,USA,Direct,1,1,0,0,0,0
session_560,user_2693,Desktop,UK,Email,1,0,0,0,0,0
session_561,user_1700,Mobile,Canada,Email,1,1,0,0,0,0
session_562,user_2952,Mobile,France,Email,1,1,1,0,0,0
session_563,user_1310,Desktop,USA,Email,1,1,0,0,0,0
session_564,user_1600,Tablet,USA,Direct,1,0,0,0,0,0
session_565,user_1338,Desktop,Canada,Social Media,1,0,0,0,0,0
session_566,user_1366,Mobile,UK,Google,1,1,1,1,1,1
session_567,user_1454,Tablet,Australia,Direct,1,0,0,0,0,0
session_568,user_2041,Tablet,Germany,Direct,1,0,0,0,0,0
session_569,user_1993,Desktop,Canada,Social Media,1,1,0,0,0,0
session_57,user_1979,Mobile,Germany,Social Media,1,1,1,1,1,1
session_570,user_1929,Desktop,France,Google,1,1,0,0,0,0
session_571,user_2278,Mobile,UK,Email,1,1,0,0,0,0
session_572,user_2410,Tablet,India,Email,1,1,1,1,1,1
session_573,user_2819,Tablet,Germany,Email,1,1,0,0,0,0
session_574,user_1674,Mobile,Germany,Google,1,1,0,0,0,0
session_575,user_2735,Tablet,UK,Direct,1,1,0,0,0,0
session_576,user_2096,Tablet,Australia,Email,1,1,0,0,0,0
session_577,user_1519,Tablet,India,Google,1,1,1,1,1,1
session_578,user_2418,Mobile,USA,Social Media,1,1,0,0,0,0
session_579,user_1719,Tablet,Canada,Social Media,1,1,1,0,0,0
session_58,user_2596,Mobile,UK,Email,1,0,0,0,0,0
session_580,user_1227,Tablet,Australia,Email,1,1,1,1,0,0
session_581,user_2216,Tablet,Germany,Email,1,1,0,0,0,0
session_582,user_2163,Desktop,USA,Direct,1,0,0,0,0,0
session_583,user_1560,Mobile,UK,Social Media,1,1,0,0,0,0
session_584,user_1557,Tablet,India,Social Media,1,0,0,0,0,0
session_585,user_1401,Tablet,Germany,Direct,1,0,0,0,0,0
session_586,user_2653,Tablet,Australia,Email,1,1,1,1,1,1
session_587,user_2136,Tablet,India,Google,1,1,0,0,0,0
session_588,user_1234,Tablet,France,Email,1,1,0,0,0,0
session_589,user_1019,Desktop,Canada,Email,1,1,0,0,0,0
session_59,user_2950,Desktop,Australia,Email,1,1,0,0,0,0
session_590,user_2085,Mobile,France,Email,1,1,0,0,0,0
session_591,user_2583,Desktop,France,Social Media,1,0,0,0,0,0
session_592,user_2695,Tablet,UK,Direct,1,0,0,0,0,0
session_593,user_1118,Desktop,India,Email,1,1,1,0,0,0
session_594,user_1080,Desktop,Canada,Social Media,1,1,0,0,0,0
session_595,user_1419,Tablet,India,Direct,1,1,0,0,0,0
session_596,user_1373,Mobile,Germany,Email,1,1,1,1,1,1
session_597,user_1131,Tablet,Germany,Email,1,1,0,0,0,0
session_598,user_2986,Tablet,Canada,Direct,1,1,0,0,0,0
session_599,user_2146,Tablet,Australia,Google,1,1,1,1,1,1
session_6,user_2429,Desktop,Australia,Social Media,1,0,0,0,0,0
session_60,user_2486,Desktop,USA,Email,1,0,0,0,0,0
session_600,user_1161,Mobile,UK,Google,1,0,0,0,0,0
session_601,user_1137,Desktop,Germany,Google,1,1,1,0,0,0
session_602,user_2892,Desktop,Australia,Google,1,0,0,0,0,0
session_603,user_2205,Tablet,Australia,Direct,1,1,0,0,0,0
session_604,user_2539,Tablet,Australia,Direct,1,1,1,0,0,0
session_605,user_1624,Mobile,Germany,Direct,1,1,1,1,1,1
session_606,user_2408,Tablet,Germany,Social Media,1,0,0,0,0,0
session_607,user_2666,Desktop,USA,Google,1,1,0,0,0,0
session_608,user_2943,Tablet,Australia,Email,1,1,1,1,1,1
session_609,user_2303,Mobile,USA,Email,1,1,1,1,1,1
session_61,user_1519,Desktop,Germany,Social Media,1,1,0,0,0,0
session_610,user_2353,Mobile,Australia,Email,1,0,0,0,0,0
session_611,user_1432,Tablet,France,Social Media,1,1,1,1,0,0
session_612,user_2985,Desktop,Canada,Social Media,1,1,1,1,1,1
session_613,user_2071,Tablet,UK,Social Media,1,1,0,0,0,0
session_614,user_1157,Tablet,France,Email,1,1,0,0,0,0
session_615,user_2314,Desktop,Germany,Social Media,1,1,0,0,0,0
session_616,user_1395,Tablet,UK,Direct,1,0,0,0,0,0
session_617,user_1304,Tablet,India,Social Media,1,1,1,1,1,1
session_618,user_2319,Tablet,India,Google,1,1,0,0,0,0
session_619,user_2691,Desktop,France,Email,1,1,1,1,0,0
session_62,user_2282,Desktop,Germany,Email,1,1,0,0,0,0
session_620,user_2388,Tablet,Canada,Email,1,1,0,0,0,0
session_621,user_1778,Desktop,Germany,Social Media,1,1,1,1,1,1
session_622,user_2543,Mobile,Australia,Social Media,1,0,0,0,0,0
session_623,user_1067,Desktop,Australia,Direct,1,0,0,0,0,0
session_624,user_1082,Mobile,UK,Direct,1,1,1,0,0,0
session_625,user_2245,Mobile,USA,Email,1,1,0,0,0,0
session_626,user_1848,Tablet,France,Social Media,1,0,0,0,0,0
session_627,user_2328,Tablet,UK,Social Media,1,1,1,1,0,0
session_628,user_1420,Mobile,USA,Google,1,1,0,0,0,0
session_629,user_1297,Desktop,Germany,Email,1,1,0,0,0,0
session_63,user_2012,Desktop,India,Social Media,1,1,1,1,1,1
session_630,user_2626,Tablet,USA,Google,1,1,0,0,0,0
session_631,user_1019,Desktop,Australia,Direct,1,1,0,0,0,0
session_632,user_2802,Mobile,Australia,Google,1,0,0,0,0,0
session_633,user_2190,Mobile,India,Direct,1,1,1,1,1,1
session_634,user_1814,Tablet,USA,Direct,1,0,0,0,0,0
session_635,user_2010,Desktop,France,Google,1,1,0,0,0,0
session_636,user_2020,Desktop,France,Direct,1,1,1,0,0,0
session_637,user_1341,Mobile,UK,Email,1,1,1,1,1,1
session_638,user_2603,Mobile,Canada,Social Media,1,1,0,0,0,0
session_639,user_2617,Desktop,Australia,Social Media,1,0,0,0,0,0
session_64,user_1412,Tablet,Canada,Direct,1,1,1,0,0,0
session_640,user_1613,Desktop,Germany,Google,1,1,0,0,0,0
session_641,user_2169,Desktop,Germany,Google,1,1,0,0,0,0
session_642,user_1521,Tablet,Canada,Email,1,1,0,0,0,0
session_643,user_1803,Tablet,UK,Social Media,1,1,1,1,1,1
session_644,user_1847,Tablet,France,Direct,1,1,1,0,0,0
session_645,user_2698,Tablet,UK,Direct,1,1,0,0,0,0
session_646,user_2882,Mobile,India,Google,1,0,0,0,0,0
session_647,user_1043,Desktop,Australia,Email,1,1,0,0,0,0
session_648,user_2306,Mobile,Germany,Direct,1,1,1,1,1,1
session_649,user_2804,Tablet,Australia,Google,1,1,0,0,0,0
session_65,user_2277,Tablet,India,Google,1,1,1,1,1,1
session_650,user_2292,Desktop,USA,Email,1,0,0,0,0,0
session_651,user_2234,Tablet,USA,Social Media,1,0,0,0,0,0
session_652,user_2388,Mobile,USA,Social Media,1,1,0,0,0,0
session_653,user_1137,Desktop,USA,Social Media,1,1,1,1,1,1
session_654,user_1628,Tablet,France,Social Media,1,1,0,0,0,0
session_655,user_2063,Mobile,USA,Social Media,1,1,0,0,0,0
session_656,user_2188,Tablet,UK,Google,1,0,0,0,0,0
session_657,user_2528,Mobile,India,Email,1,0,0,0,0,0
session_658,user_1591,Tablet,France,Direct,1,1,0,0,0,0
session_659,user_2502,Mobile,Australia,Social Media,1,1,1,0,0,0
session_66,user_2279,Mobile,UK,Social Media,1,1,0,0,0,0
session_660,user_1996,Mobile,Canada,Google,1,1,1,1,1,1
session_661,user_1642,Mobile,Germany,Social Media,1,0,0,0,0,0
session_662,user_2704,Desktop,India,Google,1,1,1,1,1,1
session_663,user_2840,Desktop,Canada,Direct,1,1,1,0,0,0
session_664,user_2789,Desktop,France,Email,1,1,0,0,0,0
session_665,user_2317,Desktop,USA,Social Media,1,0,0,0,0,0
session_666,user_2035,Mobile,France,Google,1,0,0,0,0,0
session_667,user_1675,Desktop,Canada,Google,1,1,1,0,0,0
session_668,user_2261,Tablet,Canada,Google,1,1,0,0,0,0
session_669,user_2369,Desktop,Australia,Social Media,1,1,1,0,0,0
session_67,user_2199,Mobile,UK,Direct,1,1,0,0,0,0
session_670,user_1932,Mobile,India,Email,1,1,1,1,1,1
session_671,user_1659,Desktop,UK,Direct,1,0,0,0,0,0
session_672,user_2677,Tablet,India,Social Media,1,1,0,0,0,0
session_673,user_1688,Desktop,USA,Social Media,1,1,0,0,0,0
session_674,user_2324,Mobile,India,Social Media,1,1,1,1,1,1
session_675,user_2856,Desktop,UK,Social Media,1,0,0,0,0,0
session_676,user_1942,Mobile,Canada,Google,1,1,1,1,1,1
session_677,user_1401,Tablet,Germany,Social Media,1,1,0,0,0,0
session_678,user_1065,Tablet,UK,Direct,1,0,0,0,0,0
session_679,user_2895,Tablet,Australia,Social Media,1,1,1,1,1,1
session_68,user_2502,Desktop,Germany,Social Media,1,1,1,1,1,1
session_680,user_1596,Tablet,USA,Email,1,1,0,0,0,0
session_681,user_1884,Tablet,Australia,Google,1,1,1,1,1,1
session_682,user_2951,Tablet,India,Email,1,0,0,0,0,0
session_683,user_1103,Tablet,Australia,Google,1,0,0,0,0,0
session_684,user_2526,Mobile,Canada,Email,1,1,0,0,0,0
session_685,user_1966,Desktop,UK,Google,1,1,0,0,0,0
session_686,user_1239,Tablet,UK,Direct,1,1,1,1,1,1
session_687,user_2787,Desktop,India,Social Media,1,1,0,0,0,0
session_688,user_2437,Tablet,Germany,Email,1,1,1,1,1,1
session_689,user_2332,Mobile,Germany,Direct,1,1,1,1,1,1
session_69,user_2266,Mobile,France,Social Media,1,1,0,0,0,0
session_690,user_2253,Mobile,UK,Google,1,1,0,0,0,0
session_691,user_1367,Desktop,Australia,Google,1,0,0,0,0,0
session_692,user_2635,Mobile,Germany,Google,1,1,1,0,0,0
session_693,user_1245,Desktop,Canada,Direct,1,1,0,0,0,0
session_694,user_1053,Mobile,USA,Direct,1,0,0,0,0,0
session_695,user_2675,Mobile,France,Google,1,1,1,1,1,1
session_696,user_2044,Mobile,France,Direct,1,1,0,0,0,0
session_697,user_2126,Mobile,Australia,Email,1,1,0,0,0,0
session_698,user_2099,Tablet,Canada,Direct,1,1,0,0,0,0
session_699,user_1384,Tablet,India,Google,1,1,0,0,0,0
session_7,user_2450,Desktop,Australia,Google,1,1,0,0,0,0
session_70,user_2567,Tablet,Australia,Email,1,1,1,1,1,1
session_700,user_2723,Desktop,Australia,Social Media,1,1,0,0,0,0
session_701,user_2237,Desktop,UK,Direct,1,1,0,0,0,0
session_702,user_1421,Mobile,USA,Google,1,1,0,0,0,0
session_703,user_1266,Tablet,France,Social Media,1,1,1,1,1,1
session_704,user_1464,Mobile,Germany,Direct,1,1,0,0,0,0
session_705,user_2497,Mobile,Canada,Social Media,1,0,0,0,0,0
session_706,user_2224,Mobile,UK,Direct,1,1,1,1,1,1
session_707,user_2389,Mobile,Australia,Google,1,1,0,0,0,0
session_708,user_1900,Tablet,France,Social Media,1,0,0,0,0,0
session_709,user_1189,Tablet,USA,Social Media,1,1,0,0,0,0
session_71,user_2262,Mobile,Canada,Social Media,1,1,1,1,1,1
session_710,user_2603,Tablet,Australia,Email,1,1,0,0,0,0
session_711,user_2968,Desktop,Canada,Direct,1,0,0,0,0,0
session_712,user_1697,Desktop,USA,Direct,1,1,0,0,0,0
session_713,user_1407,Tablet,Germany,Social Media,1,0,0,0,0,0
session_714,user_2004,Desktop,Germany,Google,1,1,0,0,0,0
session_715,user_2370,Tablet,Australia,Email,1,1,1,1,1,1
session_716,user_1263,Desktop,USA,Social Media,1,1,0,0,0,0
session_717,user_2751,Desktop,UK,Social Media,1,0,0,0,0,0
session_718,user_1274,Mobile,Canada,Google,1,0,0,0,0,0
session_719,user_1407,Tablet,Australia,Google,1,1,0,0,0,0
session_72,user_1285,Desktop,France,Direct,1,1,1,1,1,1
session_720,user_1085,Tablet,Germany,Direct,1,1,0,0,0,0
session_721,user_2304,Desktop,USA,Direct,1,1,0,0,0,0
session_722,user_2024,Desktop,Australia,Direct,1,0,0,0,0,0
session_723,user_1857,Mobile,USA,Social Media,1,1,0,0,0,0
session_724,user_1491,Desktop,USA,Email,1,1,1,1,0,0
session_725,user_1369,Mobile,France,Social Media,1,1,1,1,1,1
session_726,user_1392,Mobile,France,Social Media,1,1,0,0,0,0
session_727,user_2067,Desktop,USA,Email,1,0,0,0,0,0
session_728,user_1408,Mobile,USA,Google,1,1,0,0,0,0
session_729,user_2606,Desktop,Canada,Direct,1,1,0,0,0,0
session_73,user_2436,Desktop,Germany,Email,1,1,0,0,0,0
session_730,user_1827,Mobile,Australia,Email,1,0,0,0,0,0
session_731,user_2508,Tablet,India,Google,1,1,0,0,0,0
session_732,user_1879,Desktop,Germany,Email,1,1,1,0,0,0
session_733,user_1320,Tablet,USA,Direct,1,0,0,0,0,0
session_734,user_1777,Mobile,Canada,Social Media,1,1,1,0,0,0
session_735,user_2226,Desktop,USA,Direct,1,0,0,0,0,0
session_736,user_2396,Mobile,France,Social Media,1,1,0,0,0,0
session_737,user_2129,Desktop,UK,Google,1,0,0,0,0,0
session_738,user_2992,Desktop,India,Direct,1,1,0,0,0,0
session_739,user_2834,Mobile,India,Google,1,1,0,0,0,0
session_74,user_2826,Mobile,Germany,Google,1,1,0,0,0,0
session_740,user_2540,Tablet,India,Email,1,1,0,0,0,0
session_741,user_1297,Tablet,UK,Direct,1,0,0,0,0,0
session_742,user_1048,Mobile,Germany,Email,1,1,0,0,0,0
session_743,user_1929,Tablet,Australia,Google,1,1,1,0,0,0
session_744,user_2548,Tablet,USA,Direct,1,1,0,0,0,0
session_745,user_2723,Desktop,Germany,Direct,1,1,0,0,0,0
session_746,user_1807,Desktop,India,Direct,1,1,0,0,0,0
session_747,user_1330,Tablet,USA,Google,1,0,0,0,0,0
session_748,user_1793,Desktop,USA,Email,1,1,1,0,0,0
session_749,user_1946,Tablet,France,Social Media,1,0,0,0,0,0
session_75,user_1091,Desktop,Canada,Email,1,0,0,0,0,0
session_750,user_2429,Mobile,Australia,Social Media,1,1,0,0,0,0
session_751,user_1042,Mobile,Australia,Social Media,1,1,0,0,0,0
session_752,user_1379,Desktop,Australia,Google,1,1,0,0,0,0
session_753,user_2443,Desktop,France,Email,1,1,0,0,0,0
session_754,user_1273,Mobile,UK,Google,1,1,1,1,0,0
session_755,user_2010,Mobile,Germany,Social Media,1,1,0,0,0,0
session_756,user_1374,Desktop,France,Social Media,1,1,0,0,0,0
session_757,user_2877,Desktop,Canada,Google,1,1,0,0,0,0
session_758,user_2012,Tablet,USA,Social Media,1,0,0,0,0,0
session_759,user_1160,Mobile,USA,Social Media,1,1,1,0,0,0
session_76,user_2594,Desktop,USA,Email,1,0,0,0,0,0
session_760,user_1566,Mobile,Australia,Email,1,0,0,0,0,0
session_761,user_2357,Tablet,Australia,Email,1,1,0,0,0,0
session_762,user_1337,Desktop,Canada,Google,1,1,1,1,1,1
session_763,user_2435,Desktop,Australia,Direct,1,1,0,0,0,0
session_764,user_1509,Mobile,India,Email,1,1,0,0,0,0
session_765,user_1898,Desktop,Australia,Social Media,1,1,0,0,0,0
session_766,user_2672,Mobile,Canada,Social Media,1,1,1,1,1,1
session_767,user_1266,Mobile,UK,Direct,1,0,0,0,0,0
session_768,user_1724,Tablet,Canada,Email,1,1,1,1,1,1
session_769,user_2790,Desktop,USA,Social Media,1,1,0,0,0,0
session_77,user_1718,Mobile,Australia,Social Media,1,1,0,0,0,0
session_770,user_2600,Tablet,UK,Social Media,1,1,1,0,0,0
session_771,user_1789,Tablet,UK,Direct,1,1,1,1,1,1
session_772,user_1154,Tablet,USA,Google,1,1,1,1,1,1
session_773,user_2227,Tablet,Australia,Social Media,1,0,0,0,0,0
session_774,user_2452,Tablet,France,Direct,1,1,0,0,0,0
session_775,user_1370,Mobile,Canada,Direct,1,1,0,0,0,0
session_776,user_1312,Tablet,India,Social Media,1,1,1,0,0,0
session_777,user_2521,Mobile,India,Direct,1,1,0,0,0,0
session_778,user_2040,Tablet,UK,Social Media,1,1,0,0,0,0
session_779,user_1718,Tablet,Germany,Google,1,1,0,0,0,0
session_78,user_1621,Mobile,USA,Social Media,1,1,0,0,0,0
session_780,user_2640,Tablet,Germany,Email,1,1,1,1,0,0
session_781,user_1514,Mobile,Australia,Social Media,1,1,0,0,0,0
session_782,user_2083,Mobile,India,Email,1,0,0,0,0,0
session_783,user_1254,Desktop,Germany,Direct,1,1,0,0,0,0
session_784,user_2851,Tablet,USA,Social Media,1,1,1,1,1,1
session_785,user_2169,Tablet,Germany,Google,1,0,0,0,0,0
session_786,user_2004,Mobile,Australia,Google,1,1,0,0,0,0
session_787,user_1896,Tablet,Germany,Social Media,1,1,1,0,0,0
session_788,user_2058,Tablet,Germany,Social Media,1,1,1,1,1,1
session_789,user_1071,Tablet,India,Direct,1,0,0,0,0,0
session_79,user_2810,Desktop,Canada,Social Media,1,1,0,0,0,0
session_790,user_2125,Desktop,USA,Social Media,1,1,0,0,0,0
session_791,user_1569,Desktop,UK,Direct,1,0,0,0,0,0
session_792,user_1172,Mobile,Australia,Social Media,1,1,0,0,0,0
session_793,user_1065,Desktop,UK,Social Media,1,1,0,0,0,0
session_794,user_1872,Desktop,UK,Direct,1,0,0,0,0,0
session_795,user_2550,Mobile,USA,Google,1,1,0,0,0,0
session_796,user_2061,Tablet,France,Social Media,1,0,0,0,0,0
session_797,user_1274,Tablet,USA,Google,1,1,1,1,1,1
session_798,user_2022,Desktop,Canada,Social Media,1,0,0,0,0,0
session_799,user_1213,Mobile,India,Direct,1,1,0,0,0,0
session_8,user_1521,Mobile,France,Email,1,1,0,0,0,0
session_80,user_2022,Mobile,Australia,Social Media,1,1,0,0,0,0
session_800,user_1078,Tablet,India,Email,1,1,1,1,0,0
session_801,user_2961,Tablet,UK,Google,1,0,0,0,0,0
session_802,user_1231,Mobile,India,Direct,1,1,1,1,1,1
session_803,user_2667,Mobile,UK,Direct,1,1,0,0,0,0
session_804,user_1311,Tablet,Australia,Social Media,1,1,0,0,0,0
session_805,user_1377,Mobile,USA,Direct,1,1,1,1,1,1
session_806,user_1129,Tablet,Australia,Social Media,1,1,1,1,1,1
session_807,user_1463,Desktop,India,Google,1,0,0,0,0,0
session_808,user_1991,Desktop,UK,Email,1,1,0,0,0,0
session_809,user_1572,Mobile,Canada,Email,1,1,0,0,0,0
session_81,user_2467,Desktop,Germany,Direct,1,1,0,0,0,0
session_810,user_1339,Mobile,Germany,Direct,1,1,1,0,0,0
session_811,user_2755,Desktop,Germany,Google,1,0,0,0,0,0
session_812,user_1035,Desktop,UK,Email,1,0,0,0,0,0
session_813,user_1845,Tablet,Canada,Direct,1,1,0,0,0,0
session_814,user_2751,Tablet,France,Google,1,1,0,0,0,0
session_815,user_2868,Desktop,Germany,Direct,1,1,0,0,0,0
session_816,user_1196,Mobile,India,Email,1,1,0,0,0,0
session_817,user_2055,Desktop,France,Google,1,1,0,0,0,0
session_818,user_1220,Desktop,Germany,Direct,1,0,0,0,0,0
session_819,user_1693,Desktop,USA,Google,1,1,0,0,0,0
session_82,user_1453,Mobile,France,Google,1,1,0,0,0,0
session_820,user_1285,Tablet,France,Social Media,1,1,0,0,0,0
session_821,user_1010,Mobile,Germany,Social Media,1,1,1,0,0,0
session_822,user_2738,Mobile,USA,Google,1,1,0,0,0,0
session_823,user_2275,Desktop,Australia,Direct,1,1,1,0,0,0
session_824,user_2134,Mobile,Canada,Social Media,1,1,0,0,0,0
session_825,user_1193,Mobile,Canada,Google,1,1,1,1,1,1
session_826,user_1799,Mobile,USA,Direct,1,1,1,0,0,0
session_827,user_1747,Mobile,Germany,Google,1,1,0,0,0,0
session_828,user_2991,Mobile,France,Social Media,1,1,1,1,1,1
session_829,user_2035,Mobile,Germany,Social Media,1,1,0,0,0,0
session_83,user_1577,Tablet,Australia,Direct,1,1,1,0,0,0
session_830,user_2408,Desktop,UK,Social Media,1,1,1,1,1,1
session_831,user_1995,Tablet,USA,Social Media,1,1,0,0,0,0
session_832,user_1983,Tablet,India,Social Media,1,0,0,0,0,0
session_833,user_1621,Mobile,Australia,Social Media,1,0,0,0,0,0
session_834,user_2672,Desktop,Australia,Email,1,1,1,0,0,0
session_835,user_2809,Desktop,Australia,Direct,1,1,0,0,0,0
session_836,user_2831,Mobile,UK,Email,1,0,0,0,0,0
session_837,user_2503,Mobile,Australia,Social Media,1,1,0,0,0,0
session_838,user_2354,Mobile,France,Direct,1,1,1,1,1,1
session_839,user_2620,Desktop,India,Social Media,1,1,1,1,1,1
session_84,user_1264,Desktop,France,Email,1,1,1,1,1,1
session_840,user_2765,Mobile,Australia,Social Media,1,1,0,0,0,0
session_841,user_1616,Tablet,Australia,Direct,1,0,0,0,0,0
session_842,user_2187,Tablet,USA,Social Media,1,0,0,0,0,0
session_843,user_1346,Tablet,India,Social Media,1,0,0,0,0,0
session_844,user_1967,Mobile,India,Direct,1,1,0,0,0,0
session_845,user_2675,Mobile,France,Google,1,1,0,0,0,0
session_846,user_1693,Tablet,USA,Email,1,1,0,0,0,0
session_847,user_1099,Mobile,India,Email,1,1,1,0,0,0
session_848,user_2821,Tablet,UK,Email,1,0,0,0,0,0
session_849,user_1229,Mobile,France,Google,1,1,1,0,0,0
session_85,user_1202,Mobile,USA,Email,1,1,0,0,0,0
session_850,user_1903,Desktop,Australia,Google,1,1,1,0,0,0
session_851,user_1748,Mobile,Canada,Email,1,1,0,0,0,0
session_852,user_1187,Mobile,Germany,Email,1,1,0,0,0,0
session_853,user_1282,Tablet,France,Email,1,1,0,0,0,0
session_854,user_1925,Desktop,UK,Email,1,1,1,0,0,0
session_855,user_2134,Mobile,Canada,Email,1,0,0,0,0,0
session_856,user_1385,Mobile,France,Social Media,1,1,1,1,0,0
session_857,user_1032,Tablet,India,Social Media,1,0,0,0,0,0
session_858,user_1607,Desktop,India,Google,1,1,0,0,0,0
session_859,user_2187,Mobile,Germany,Google,1,1,0,0,0,0
session_86,user_1961,Mobile,India,Direct,1,1,0,0,0,0
session_860,user_1181,Tablet,Germany,Direct,1,0,0,0,0,0
session_861,user_2230,Tablet,India,Social Media,1,1,0,0,0,0
session_862,user_1677,Desktop,India,Email,1,0,0,0,0,0
session_863,user_1917,Tablet,USA,Social Media,1,1,0,0,0,0
session_864,user_1155,Mobile,Germany,Email,1,1,0,0,0,0
session_865,user_1021,Desktop,Canada,Google,1,1,0,0,0,0
session_866,user_2499,Desktop,UK,Social Media,1,1,1,0,0,0
session_867,user_2524,Mobile,USA,Google,1,1,1,1,1,1
session_868,user_2663,Mobile,Canada,Direct,1,1,0,0,0,0
session_869,user_2673,Mobile,Australia,Email,1,1,1,1,0,0
session_87,user_1343,Tablet,India,Email,1,1,0,0,0,0
session_870,user_2449,Mobile,France,Direct,1,1,0,0,0,0
session_871,user_2655,Desktop,UK,Direct,1,0,0,0,0,0
session_872,user_1942,Tablet,UK,Direct,1,1,1,1,1,1
session_873,user_2261,Desktop,India,Social Media,1,0,0,0,0,0
session_874,user_2368,Mobile,India,Email,1,1,0,0,0,0
session_875,user_1083,Mobile,USA,Google,1,1,1,0,0,0
session_876,user_1611,Mobile,UK,Email,1,0,0,0,0,0
session_877,user_2687,Mobile,Canada,Google,1,1,1,1,1,1
session_878,user_2742,Desktop,Canada,Email,1,1,0,0,0,0
session_879,user_2500,Mobile,India,Direct,1,0,0,0,0,0
session_88,user_2109,Desktop,France,Social Media,1,1,1,0,0,0
session_880,user_2767,Tablet,UK,Direct,1,1,0,0,0,0
session_881,user_2178,Desktop,UK,Social Media,1,1,1,1,1,1
session_882,user_2444,Tablet,India,Social Media,1,1,0,0,0,0
session_883,user_1503,Desktop,Germany,Email,1,1,0,0,0,0
session_884,user_2025,Mobile,India,Email,1,1,0,0,0,0
session_885,user_2769,Desktop,India,Social Media,1,1,0,0,0,0
session_886,user_2008,Tablet,Canada,Social Media,1,1,1,1,1,1
session_887,user_2451,Desktop,India,Email,1,1,1,1,0,0
session_888,user_1033,Tablet,Germany,Google,1,1,0,0,0,0
session_889,user_2205,Desktop,USA,Email,1,1,0,0,0,0
session_89,user_1300,Mobile,France,Direct,1,1,1,1,1,1
session_890,user_1751,Desktop,Canada,Social Media,1,1,0,0,0,0
session_891,user_1754,Desktop,UK,Email,1,1,0,0,0,0
session_892,user_1933,Mobile,UK,Direct,1,1,0,0,0,0
session_893,user_2719,Desktop,Australia,Google,1,1,1,1,0,0
session_894,user_1771,Mobile,Australia,Email,1,1,1,0,0,0
session_895,user_1580,Mobile,UK,Social Media,1,0,0,0,0,0
session_896,user_2637,Tablet,USA,Email,1,1,0,0,0,0
session_897,user_2048,Tablet,France,Google,1,1,0,0,0,0
session_898,user_1681,Tablet,UK,Google,1,1,0,0,0,0
session_899,user_2885,Desktop,India,Email,1,1,1,0,0,0
session_9,user_1843,Tablet,India,Social Media,1,1,1,0,0,0
session_90,user_2621,Tablet,Germany,Google,1,1,1,0,0,0
session_900,user_1468,Desktop,India,Social Media,1,0,0,0,0,0
session_901,user_2643,Desktop,India,Google,1,1,0,0,0,0
session_902,user_1020,Mobile,Australia,Direct,1,1,0,0,0,0
session_903,user_1252,Tablet,India,Email,1,1,1,1,1,1
session_904,user_2004,Tablet,India,Direct,1,1,0,0,0,0
session_905,user_1307,Mobile,UK,Direct,1,1,1,0,0,0
session_906,user_2929,Mobile,Australia,Email,1,1,0,0,0,0
session_907,user_1346,Desktop,Germany,Google,1,1,0,0,0,0
session_908,user_1285,Mobile,Germany,Direct,1,1,0,0,0,0
session_909,user_1106,Desktop,Germany,Email,1,1,0,0,0,0
session_91,user_2705,Desktop,France,Social Media,1,0,0,0,0,0
session_910,user_2540,Tablet,Germany,Google,1,0,0,0,0,0
session_911,user_2050,Desktop,USA,Google,1,1,0,0,0,0
session_912,user_1213,Desktop,France,Google,1,1,1,1,1,1
session_913,user_2210,Tablet,USA,Direct,1,1,0,0,0,0
session_914,user_1462,Mobile,India,Social Media,1,1,0,0,0,0
session_915,user_2706,Tablet,Canada,Direct,1,1,1,1,1,1
session_916,user_1500,Desktop,USA,Google,1,1,1,1,0,0
session_917,user_2563,Tablet,India,Direct,1,1,0,0,0,0
session_918,user_2084,Desktop,Australia,Google,1,1,0,0,0,0
session_919,user_2199,Mobile,India,Social Media,1,1,1,1,1,1
session_92,user_2740,Mobile,UK,Email,1,1,1,0,0,0
session_920,user_1705,Tablet,USA,Social Media,1,1,0,0,0,0
session_921,user_1509,Desktop,USA,Google,1,0,0,0,0,0
session_922,user_1091,Desktop,France,Social Media,1,0,0,0,0,0
session_923,user_1971,Mobile,Australia,Email,1,1,0,0,0,0
session_924,user_1021,Desktop,Germany,Email,1,1,1,1,1,1
session_925,user_1731,Desktop,France,Google,1,1,1,1,1,1
session_926,user_2652,Mobile,India,Direct,1,1,0,0,0,0
session_927,user_2629,Desktop,UK,Google,1,1,0,0,0,0
session_928,user_2716,Mobile,Australia,Social Media,1,1,0,0,0,0
session_929,user_2093,Tablet,Canada,Direct,1,1,0,0,0,0
session_93,user_2540,Desktop,India,Google,1,1,1,1,1,1
session_930,user_1016,Mobile,Canada,Social Media,1,0,0,0,0,0
session_931,user_1530,Tablet,Germany,Direct,1,1,0,0,0,0
session_932,user_1060,Mobile,India,Direct,1,1,1,0,0,0
session_933,user_1614,Desktop,Germany,Social Media,1,1,1,1,0,0
session_934,user_1804,Desktop,India,Email,1,1,0,0,0,0
session_935,user_2895,Tablet,UK,Social Media,1,1,0,0,0,0
session_936,user_1874,Tablet,Canada,Direct,1,1,1,0,0,0
session_937,user_1076,Mobile,UK,Social Media,1,1,0,0,0,0
session_938,user_2443,Tablet,Canada,Social Media,1,1,0,0,0,0
session_939,user_2703,Desktop,Canada,Google,1,1,0,0,0,0
session_94,user_1022,Mobile,Germany,Google,1,0,0,0,0,0
session_940,user_1167,Mobile,India,Email,1,1,0,0,0,0
session_941,user_2621,Tablet,Canada,Social Media,1,0,0,0,0,0
session_942,user_1478,Mobile,India,Direct,1,0,0,0,0,0
session_943,user_2815,Desktop,Australia,Social Media,1,1,0,0,0,0
session_944,user_2784,Tablet,Germany,Social Media,1,1,0,0,0,0
session_945,user_1457,Tablet,USA,Google,1,1,0,0,0,0
session_946,user_1884,Mobile,Canada,Email,1,1,0,0,0,0
session_947,user_2600,Desktop,UK,Email,1,0,0,0,0,0
session_948,user_2957,Mobile,Germany,Direct,1,1,0,0,0,0
session_949,user_2959,Tablet,USA,Email,1,0,0,0,0,0
session_95,user_2381,Mobile,Australia,Direct,1,1,0,0,0,0
session_950,user_1353,Desktop,UK,Email,1,1,0,0,0,0
session_951,user_2758,Desktop,Canada,Google,1,1,1,0,0,0
session_952,user_2255,Mobile,Canada,Email,1,1,1,1,1,1
session_953,user_2017,Desktop,India,Email,1,1,0,0,0,0
session_954,user_2131,Mobile,France,Social Media,1,1,1,1,0,0
session_955,user_2342,Desktop,Australia,Direct,1,1,1,0,0,0
session_956,user_2465,Desktop,India,Google,1,1,0,0,0,0
session_957,user_2491,Desktop,Germany,Email,1,0,0,0,0,0
session_958,user_1322,Mobile,Canada,Direct,1,1,0,0,0,0
session_959,user_1075,Tablet,France,Google,1,1,1,1,1,1
session_96,user_2993,Desktop,Australia,Google,1,1,1,0,0,0
session_960,user_2637,Desktop,Germany,Direct,1,0,0,0,0,0
session_961,user_1982,Desktop,USA,Email,1,0,0,0,0,0
session_962,user_1679,Mobile,Germany,Google,1,1,0,0,0,0
session_963,user_2871,Tablet,Australia,Email,1,1,0,0,0,0
session_964,user_1064,Tablet,India,Direct,1,1,1,0,0,0
session_965,user_2891,Tablet,Germany,Google,1,0,0,0,0,0
session_966,user_2310,Desktop,UK,Google,1,1,0,0,0,0
session_967,user_2459,Mobile,Canada,Direct,1,0,0,0,0,0
session_968,user_1192,Desktop,France,Social Media,1,1,0,0,0,0
session_969,user_1304,Desktop,Canada,Google,1,0,0,0,0,0
session_97,user_2713,Tablet,Germany,Email,1,1,0,0,0,0
session_970,user_2233,Desktop,France,Email,1,1,1,1,1,1
session_971,user_1959,Desktop,USA,Google,1,1,1,0,0,0
session_972,user_1254,Mobile,Germany,Google,1,1,0,0,0,0
session_973,user_2837,Tablet,Canada,Direct,1,1,1,0,0,0
session_974,user_2439,Desktop,France,Direct,1,1,0,0,0,0
session_975,user_1160,Tablet,Canada,Google,1,1,0,0,0,0
session_976,user_1558,Desktop,UK,Email,1,1,0,0,0,0
session_977,user_1383,Mobile,France,Direct,1,1,1,1,1,1
session_978,user_2170,Tablet,France,Email,1,0,0,0,0,0
session_979,user_1109,Desktop,Germany,Email,1,1,1,0,0,0
session_98,user_1729,Tablet,Canada,Social Media,1,1,1,0,0,0
session_980,user_2646,Tablet,USA,Social Media,1,0,0,0,0,0
session_981,user_2230,Tablet,Australia,Social Media,1,1,1,1,1,1
session_982,user_2004,Desktop,USA,Direct,1,1,0,0,0,0
session_983,user_1772,Tablet,India,Google,1,1,1,1,1,1
session_984,user_1144,Desktop,Canada,Social Media,1,1,0,0,0,0
session_985,user_2575,Desktop,UK,Google,1,1,1,1,1,1
session_986,user_1472,Mobile,India,Google,1,1,0,0,0,0
session_987,user_2860,Desktop,USA,Email,1,1,1,1,1,1
session_988,user_1295,Tablet,UK,Email,1,1,1,1,1,1
session_989,user_1276,Tablet,Canada,Direct,1,0,0,0,0,0
session_99,user_2300,Mobile,USA,Direct,1,1,1,1,1,1
session_990,user_2691,Desktop,USA,Email,1,1,1,1,1,1
session_991,user_2141,Desktop,Australia,Email,1,0,0,0,0,0
session_992,user_1847,Mobile,Australia,Google,1,1,1,0,0,0
session_993,user_1437,Mobile,Australia,Social Media,1,1,0,0,0,0
session_994,user_2043,Mobile,Germany,Direct,1,1,1,1,0,0
session_995,user_2892,Mobile,USA,Google,1,1,0,0,0,0
session_996,user_2729,Desktop,France,Social Media,1,1,0,0,0,0
session_997,user_1069,Desktop,USA,Direct,1,1,1,1,1,1
session_998,user_1190,Desktop,Australia,Social Media,1,1,0,0,0,0
session_999,user_1153,Mobile,UK,Google,1,1,1,0,0,0
